id,user_id,year
1,fV8Yr0c5tFQTQ2SRRJHXHw,2009
2,aw973Pm1nrTbRjP4zY9B9g,2014
3,aw973Pm1nrTbRjP4zY9B9g,2016
4,aw973Pm1nrTbRjP4zY9B9g,2013
5,aw973Pm1nrTbRjP4zY9B9g,2015
6,aw973Pm1nrTbRjP4zY9B9g,2010
7,aw973Pm1nrTbRjP4zY9B9g,2012
8,aw973Pm1nrTbRjP4zY9B9g,2011
9,iWMxMUWNXfdvVl9oXSaltA,2017
10,i5jSTSpXJtvM-ExWRttglw,2016
11,i5jSTSpXJtvM-ExWRttglw,2017
12,i5jSTSpXJtvM-ExWRttglw,2014
13,i5jSTSpXJtvM-ExWRttglw,2015
14,snDjs1hdh7JOWv4jjbXPDw,2015
15,snDjs1hdh7JOWv4jjbXPDw,2013
16,snDjs1hdh7JOWv4jjbXPDw,2014
17,snDjs1hdh7JOWv4jjbXPDw,2017
18,snDjs1hdh7JOWv4jjbXPDw,2016
19,bBRPy8zUvNc0NGbGmkjrZg,2012
20,bBRPy8zUvNc0NGbGmkjrZg,2011
21,bBRPy8zUvNc0NGbGmkjrZg,2013
22,bBRPy8zUvNc0NGbGmkjrZg,2010
23,37Hc8hr3cw0iHLoPzLK6Ow,2011
24,37Hc8hr3cw0iHLoPzLK6Ow,2010
25,37Hc8hr3cw0iHLoPzLK6Ow,2009
26,37Hc8hr3cw0iHLoPzLK6Ow,2012
27,MgAHuFGzScMAuLpDmHK7iQ,2017
28,MgAHuFGzScMAuLpDmHK7iQ,2016
29,oH9K7eCuNsYr6MmlM2ZjUg,2010
30,oH9K7eCuNsYr6MmlM2ZjUg,2017
31,oH9K7eCuNsYr6MmlM2ZjUg,2015
32,oH9K7eCuNsYr6MmlM2ZjUg,2014
33,oH9K7eCuNsYr6MmlM2ZjUg,2012
34,oH9K7eCuNsYr6MmlM2ZjUg,2016
35,oH9K7eCuNsYr6MmlM2ZjUg,2013
36,oH9K7eCuNsYr6MmlM2ZjUg,2009
37,oH9K7eCuNsYr6MmlM2ZjUg,2008
38,oH9K7eCuNsYr6MmlM2ZjUg,2011
39,z9MozWK9f7C8p3Gj0uOiHw,2016
40,z9MozWK9f7C8p3Gj0uOiHw,2014
41,z9MozWK9f7C8p3Gj0uOiHw,2017
42,z9MozWK9f7C8p3Gj0uOiHw,2012
43,z9MozWK9f7C8p3Gj0uOiHw,2013
44,z9MozWK9f7C8p3Gj0uOiHw,2015
45,bzMzZE3OCqHhZyXH5JRaWw,2013
46,bzMzZE3OCqHhZyXH5JRaWw,2012
47,bzMzZE3OCqHhZyXH5JRaWw,2008
48,bzMzZE3OCqHhZyXH5JRaWw,2010
49,bzMzZE3OCqHhZyXH5JRaWw,2011
50,bzMzZE3OCqHhZyXH5JRaWw,2009
51,KbMFXAH3te7Ff1U-C78aTA,2013
52,KbMFXAH3te7Ff1U-C78aTA,2011
53,KbMFXAH3te7Ff1U-C78aTA,2012
54,KbMFXAH3te7Ff1U-C78aTA,2014
55,qSh-q8M-rL4PRVukXsDwWg,2016
56,qSh-q8M-rL4PRVukXsDwWg,2017
57,qSh-q8M-rL4PRVukXsDwWg,2015
58,cT5d9cgC3It82XTlOUCH5w,2012
59,cT5d9cgC3It82XTlOUCH5w,2013
60,mdx_uzqOvgtcnCLT-CI4gg,2017
61,7ZnKjKbJPgcLD7uQvM2Wow,2013
62,7ZnKjKbJPgcLD7uQvM2Wow,2012
63,7ZnKjKbJPgcLD7uQvM2Wow,2015
64,7ZnKjKbJPgcLD7uQvM2Wow,2014
65,6LNx--RVIe9kai-n7TToYg,2014
66,6LNx--RVIe9kai-n7TToYg,2015
67,a-0mMaTKiYTuw9c61dPz_Q,2017
68,lmJy4OwP_TyHIg8a8Q0RsA,2016
69,lmJy4OwP_TyHIg8a8Q0RsA,2017
70,lmJy4OwP_TyHIg8a8Q0RsA,2013
71,lmJy4OwP_TyHIg8a8Q0RsA,2015
72,lmJy4OwP_TyHIg8a8Q0RsA,2014
73,keLUgL_4y60BkppiAsIk8Q,2016
74,keLUgL_4y60BkppiAsIk8Q,2015
75,keLUgL_4y60BkppiAsIk8Q,2017
76,yHbrIShhhHkkl20_KGP4OA,2017
77,yHbrIShhhHkkl20_KGP4OA,2016
78,et_GDGFfG2BFVkLzRK2mTQ,2011
79,et_GDGFfG2BFVkLzRK2mTQ,2009
80,KBVL9aPlcLVwqyFQ__EeIA,2015
81,KBVL9aPlcLVwqyFQ__EeIA,2017
82,KBVL9aPlcLVwqyFQ__EeIA,2016
83,6ZR7HuUpHk_NQNs0dT0oLg,2013
84,6ZR7HuUpHk_NQNs0dT0oLg,2010
85,6ZR7HuUpHk_NQNs0dT0oLg,2011
86,6ZR7HuUpHk_NQNs0dT0oLg,2009
87,6ZR7HuUpHk_NQNs0dT0oLg,2012
88,6ZR7HuUpHk_NQNs0dT0oLg,2008
89,mqzisCyZ_tlpQt6HkNnhOw,2017
90,mqzisCyZ_tlpQt6HkNnhOw,2015
91,mqzisCyZ_tlpQt6HkNnhOw,2014
92,mqzisCyZ_tlpQt6HkNnhOw,2016
93,mqzisCyZ_tlpQt6HkNnhOw,2013
94,1D5EQITb4hOzPMZT8gDPQQ,2012
95,1D5EQITb4hOzPMZT8gDPQQ,2016
96,1D5EQITb4hOzPMZT8gDPQQ,2011
97,1D5EQITb4hOzPMZT8gDPQQ,2017
98,1D5EQITb4hOzPMZT8gDPQQ,2014
99,1D5EQITb4hOzPMZT8gDPQQ,2009
100,1D5EQITb4hOzPMZT8gDPQQ,2010
101,1D5EQITb4hOzPMZT8gDPQQ,2013
102,1D5EQITb4hOzPMZT8gDPQQ,2015
103,XOUoC47nYcSUCuzKROx8dg,2016
104,XOUoC47nYcSUCuzKROx8dg,2017
105,sfBfh6X2v2RDSz49DUVMxw,2011
106,GmzbU3b4PAbDzkiQK76e0w,2015
107,GmzbU3b4PAbDzkiQK76e0w,2016
108,GmzbU3b4PAbDzkiQK76e0w,2017
109,dEDId4Rp2JpblIfYIoH00w,2017
110,dEDId4Rp2JpblIfYIoH00w,2016
111,dEDId4Rp2JpblIfYIoH00w,2015
112,dEDId4Rp2JpblIfYIoH00w,2013
113,dEDId4Rp2JpblIfYIoH00w,2014
114,EyVtVVwWmijNMJqBGQlv3Q,2015
115,EyVtVVwWmijNMJqBGQlv3Q,2017
116,EyVtVVwWmijNMJqBGQlv3Q,2016
117,EyVtVVwWmijNMJqBGQlv3Q,2014
118,PIM9LfrgvCqOoOPBdJAcNg,2011
119,PIM9LfrgvCqOoOPBdJAcNg,2010
120,PIM9LfrgvCqOoOPBdJAcNg,2012
121,PIM9LfrgvCqOoOPBdJAcNg,2013
122,31d4d1tVHxT_8LfPvGlzYQ,2016
123,31d4d1tVHxT_8LfPvGlzYQ,2012
124,31d4d1tVHxT_8LfPvGlzYQ,2014
125,31d4d1tVHxT_8LfPvGlzYQ,2017
126,31d4d1tVHxT_8LfPvGlzYQ,2013
127,31d4d1tVHxT_8LfPvGlzYQ,2015
128,wd_VNRXXGyoEUs-bMW5pGA,2010
129,W1p8_CFW5FISSihmQo5Qzw,2016
130,W1p8_CFW5FISSihmQo5Qzw,2017
131,W1p8_CFW5FISSihmQo5Qzw,2015
132,G1EQySgLTrqgtywHmyI1mQ,2010
133,G1EQySgLTrqgtywHmyI1mQ,2011
134,G1EQySgLTrqgtywHmyI1mQ,2009
135,G1EQySgLTrqgtywHmyI1mQ,2008
136,G1EQySgLTrqgtywHmyI1mQ,2007
137,KtERwGUIK2urGM1mejPYiA,2011
138,KtERwGUIK2urGM1mejPYiA,2013
139,KtERwGUIK2urGM1mejPYiA,2016
140,KtERwGUIK2urGM1mejPYiA,2015
141,KtERwGUIK2urGM1mejPYiA,2012
142,KtERwGUIK2urGM1mejPYiA,2017
143,KtERwGUIK2urGM1mejPYiA,2014
144,mdPpR9Xm95CBGTmRjqP1nw,2014
145,mdPpR9Xm95CBGTmRjqP1nw,2015
146,mdPpR9Xm95CBGTmRjqP1nw,2016
147,YzGDHAhPJX_xc6wzWsPmzg,2015
148,YzGDHAhPJX_xc6wzWsPmzg,2017
149,YzGDHAhPJX_xc6wzWsPmzg,2014
150,YzGDHAhPJX_xc6wzWsPmzg,2012
151,YzGDHAhPJX_xc6wzWsPmzg,2013
152,YzGDHAhPJX_xc6wzWsPmzg,2016
153,yL60onlTh1BmJKVLli_K3g,2014
154,yL60onlTh1BmJKVLli_K3g,2013
155,yL60onlTh1BmJKVLli_K3g,2016
156,yL60onlTh1BmJKVLli_K3g,2017
157,yL60onlTh1BmJKVLli_K3g,2015
158,ccP6MDVeqt5osB4XALISFw,2015
159,ccP6MDVeqt5osB4XALISFw,2016
160,ccP6MDVeqt5osB4XALISFw,2013
161,ccP6MDVeqt5osB4XALISFw,2017
162,ccP6MDVeqt5osB4XALISFw,2012
163,ccP6MDVeqt5osB4XALISFw,2014
164,AUL7s3iY6fBgyUMXMH7Mqw,2009
165,AUL7s3iY6fBgyUMXMH7Mqw,2011
166,AUL7s3iY6fBgyUMXMH7Mqw,2012
167,AUL7s3iY6fBgyUMXMH7Mqw,2010
168,7xwLiQx0-lCOXBUDAcazZA,2017
169,2uZ8uULKN38ZiM-Iakr5TA,2010
170,2uZ8uULKN38ZiM-Iakr5TA,2009
171,k2qyzc1yQc6UppJLKDCHCg,2015
172,k2qyzc1yQc6UppJLKDCHCg,2014
173,JHApv4Nl2B75lKn9ymu01Q,2012
174,JHApv4Nl2B75lKn9ymu01Q,2010
175,JHApv4Nl2B75lKn9ymu01Q,2011
176,DONwuwg9iySZ7LFjtcHdCA,2014
177,DONwuwg9iySZ7LFjtcHdCA,2013
178,DONwuwg9iySZ7LFjtcHdCA,2011
179,DONwuwg9iySZ7LFjtcHdCA,2016
180,DONwuwg9iySZ7LFjtcHdCA,2012
181,DONwuwg9iySZ7LFjtcHdCA,2015
182,DONwuwg9iySZ7LFjtcHdCA,2017
183,F0nR2cEBLSZtBb2hlxnpoA,2017
184,F0nR2cEBLSZtBb2hlxnpoA,2015
185,F0nR2cEBLSZtBb2hlxnpoA,2016
186,9JaFajnyp5om3JUHs5yisw,2013
187,9JaFajnyp5om3JUHs5yisw,2015
188,9JaFajnyp5om3JUHs5yisw,2014
189,9JaFajnyp5om3JUHs5yisw,2012
190,9JaFajnyp5om3JUHs5yisw,2016
191,7x1LWVBDNRaR1lPyfp3JUQ,2015
192,7x1LWVBDNRaR1lPyfp3JUQ,2017
193,7x1LWVBDNRaR1lPyfp3JUQ,2014
194,7x1LWVBDNRaR1lPyfp3JUQ,2016
195,Jv4qrvG2Vebl69IFNYzewQ,2015
196,Jv4qrvG2Vebl69IFNYzewQ,2016
197,Jv4qrvG2Vebl69IFNYzewQ,2017
198,WOlBelW_IzsKOyizelNKCw,2017
199,7YGYOCuOMH9lUK7hKcBpUQ,2013
200,7YGYOCuOMH9lUK7hKcBpUQ,2015
201,7YGYOCuOMH9lUK7hKcBpUQ,2012
202,7YGYOCuOMH9lUK7hKcBpUQ,2014
203,7YGYOCuOMH9lUK7hKcBpUQ,2016
204,7YGYOCuOMH9lUK7hKcBpUQ,2017
205,sCbVlJODbG5Up6PIDc0j7w,2008
206,sCbVlJODbG5Up6PIDc0j7w,2009
207,B8ZhQFlKfoJpxL9XKTybCA,2016
208,B8ZhQFlKfoJpxL9XKTybCA,2017
209,B8ZhQFlKfoJpxL9XKTybCA,2015
210,YGBhHN84Mo7cHWjqZx7ipg,2017
211,rr8lzo9fJWDrFZb-qcDcvw,2012
212,rr8lzo9fJWDrFZb-qcDcvw,2013
213,bnSGkl3tT6nXjuPmDP5lXw,2015
214,bnSGkl3tT6nXjuPmDP5lXw,2012
215,bnSGkl3tT6nXjuPmDP5lXw,2014
216,bnSGkl3tT6nXjuPmDP5lXw,2016
217,bnSGkl3tT6nXjuPmDP5lXw,2017
218,bnSGkl3tT6nXjuPmDP5lXw,2013
219,m8nDqQ7a3zQWfkNK1_vwnQ,2015
220,m8nDqQ7a3zQWfkNK1_vwnQ,2016
221,m8nDqQ7a3zQWfkNK1_vwnQ,2014
222,m8nDqQ7a3zQWfkNK1_vwnQ,2017
223,m8nDqQ7a3zQWfkNK1_vwnQ,2013
224,m8nDqQ7a3zQWfkNK1_vwnQ,2011
225,m8nDqQ7a3zQWfkNK1_vwnQ,2010
226,m8nDqQ7a3zQWfkNK1_vwnQ,2012
227,JXnW7mGyMfojNsrG7nx_ug,2012
228,JXnW7mGyMfojNsrG7nx_ug,2015
229,JXnW7mGyMfojNsrG7nx_ug,2017
230,JXnW7mGyMfojNsrG7nx_ug,2013
231,JXnW7mGyMfojNsrG7nx_ug,2016
232,JXnW7mGyMfojNsrG7nx_ug,2014
233,zKDOOt3fuMUpD0mt8F_1FA,2017
234,zKDOOt3fuMUpD0mt8F_1FA,2016
235,zKDOOt3fuMUpD0mt8F_1FA,2015
236,4D4JwxN07FFDIFswH8E4Ow,2016
237,4D4JwxN07FFDIFswH8E4Ow,2015
238,4D4JwxN07FFDIFswH8E4Ow,2017
239,Cnn-0yo4zVAEwMxEwhuF9Q,2015
240,Cnn-0yo4zVAEwMxEwhuF9Q,2017
241,Cnn-0yo4zVAEwMxEwhuF9Q,2016
242,z51yecJ8WZkj4KBiifyK7Q,2016
243,z51yecJ8WZkj4KBiifyK7Q,2017
244,z51yecJ8WZkj4KBiifyK7Q,2015
245,sSy-_sA2uetRe9VaCS0UIQ,2014
246,sSy-_sA2uetRe9VaCS0UIQ,2015
247,sSy-_sA2uetRe9VaCS0UIQ,2013
248,xyTgJUyW9nPV1wbnr9u-_A,2017
249,DK-5tzyRzslV35n9yCyFMA,2017
250,UPAoA2A26_rIfOf2fLb_LQ,2016
251,UPAoA2A26_rIfOf2fLb_LQ,2017
252,BYn4ABAe-M4X7cehYKu98w,2010
253,BYn4ABAe-M4X7cehYKu98w,2013
254,BYn4ABAe-M4X7cehYKu98w,2017
255,BYn4ABAe-M4X7cehYKu98w,2012
256,BYn4ABAe-M4X7cehYKu98w,2016
257,BYn4ABAe-M4X7cehYKu98w,2014
258,BYn4ABAe-M4X7cehYKu98w,2011
259,AVVEFYHmFUa9oUhy2DIQFA,2016
260,AVVEFYHmFUa9oUhy2DIQFA,2015
261,AVVEFYHmFUa9oUhy2DIQFA,2017
262,nzi71d5dvB9_mXx0fUSmFQ,2007
263,nzi71d5dvB9_mXx0fUSmFQ,2005
264,nzi71d5dvB9_mXx0fUSmFQ,2006
265,TJZ773c6IobB29sEwkBAyg,2016
266,TJZ773c6IobB29sEwkBAyg,2017
267,obMgObC0jkcpUhVBk8y2HA,2007
268,obMgObC0jkcpUhVBk8y2HA,2009
269,obMgObC0jkcpUhVBk8y2HA,2008
270,Ai2co79NYVA907lE3DkCgA,2014
271,Ai2co79NYVA907lE3DkCgA,2015
272,Ai2co79NYVA907lE3DkCgA,2016
273,z5H2RcA-xmzOnxhJL2FLhQ,2017
274,z5H2RcA-xmzOnxhJL2FLhQ,2016
275,vM-4-Z7RDPOBChx8Gz4mxQ,2015
276,vM-4-Z7RDPOBChx8Gz4mxQ,2012
277,vM-4-Z7RDPOBChx8Gz4mxQ,2017
278,vM-4-Z7RDPOBChx8Gz4mxQ,2014
279,vM-4-Z7RDPOBChx8Gz4mxQ,2016
280,vM-4-Z7RDPOBChx8Gz4mxQ,2013
281,cvzKVWaGFysF1iZ1RUvsBg,2013
282,cvzKVWaGFysF1iZ1RUvsBg,2012
283,cvzKVWaGFysF1iZ1RUvsBg,2007
284,cvzKVWaGFysF1iZ1RUvsBg,2008
285,cvzKVWaGFysF1iZ1RUvsBg,2009
286,cvzKVWaGFysF1iZ1RUvsBg,2011
287,cvzKVWaGFysF1iZ1RUvsBg,2010
288,Z6xQHXKPW12ubLxMFx32eQ,2008
289,Z6xQHXKPW12ubLxMFx32eQ,2011
290,Z6xQHXKPW12ubLxMFx32eQ,2010
291,Z6xQHXKPW12ubLxMFx32eQ,2009
292,u_ra3iuZKXR7x1sKqo9B-A,2013
293,u_ra3iuZKXR7x1sKqo9B-A,2012
294,PRJMe-RgFnCEhyy7tf3DmQ,2017
295,PRJMe-RgFnCEhyy7tf3DmQ,2015
296,PRJMe-RgFnCEhyy7tf3DmQ,2016
297,_XqQnuyixDNhGST0Ihql0A,2014
298,_XqQnuyixDNhGST0Ihql0A,2015
299,_XqQnuyixDNhGST0Ihql0A,2013
300,-Cfdld6UqO6rx72WNE9yvg,2012
301,-Cfdld6UqO6rx72WNE9yvg,2013
302,nLUTBOeySs-0wUDeyNRRDg,2014
303,AGjL2Ow20VNxqKHVfT1hdQ,2007
304,h-ajC_UHD0QAyAzySN6g2A,2010
305,h-ajC_UHD0QAyAzySN6g2A,2011
306,h-ajC_UHD0QAyAzySN6g2A,2012
307,ivI_db9-e-jhVjIaGaSvcw,2016
308,ivI_db9-e-jhVjIaGaSvcw,2015
309,5qDIr_wCCoLMrHDHoB_pNQ,2014
310,5qDIr_wCCoLMrHDHoB_pNQ,2013
311,5qDIr_wCCoLMrHDHoB_pNQ,2016
312,5qDIr_wCCoLMrHDHoB_pNQ,2011
313,5qDIr_wCCoLMrHDHoB_pNQ,2012
314,5qDIr_wCCoLMrHDHoB_pNQ,2010
315,5qDIr_wCCoLMrHDHoB_pNQ,2017
316,5qDIr_wCCoLMrHDHoB_pNQ,2015
317,tf5tdpbAYqGkgW6KuT4RAw,2015
318,tf5tdpbAYqGkgW6KuT4RAw,2016
319,HMmliGlOMP5JrLB9aNw-mw,2016
320,HMmliGlOMP5JrLB9aNw-mw,2015
321,kSXivZsccIb2uFmV0QpSxw,2012
322,kSXivZsccIb2uFmV0QpSxw,2010
323,kSXivZsccIb2uFmV0QpSxw,2014
324,kSXivZsccIb2uFmV0QpSxw,2011
325,kSXivZsccIb2uFmV0QpSxw,2013
326,mnoe2vwouRADn97dTDkw4A,2012
327,mnoe2vwouRADn97dTDkw4A,2014
328,mnoe2vwouRADn97dTDkw4A,2010
329,mnoe2vwouRADn97dTDkw4A,2011
330,mnoe2vwouRADn97dTDkw4A,2013
331,G65kd-wzoAScs6JW-o72xQ,2017
332,eD-dvoZfWk8dwK56nqfSfQ,2014
333,eD-dvoZfWk8dwK56nqfSfQ,2016
334,eD-dvoZfWk8dwK56nqfSfQ,2017
335,eD-dvoZfWk8dwK56nqfSfQ,2015
336,C-4a9xguoYZsmxXipo4p1Q,2011
337,C-4a9xguoYZsmxXipo4p1Q,2016
338,C-4a9xguoYZsmxXipo4p1Q,2009
339,C-4a9xguoYZsmxXipo4p1Q,2015
340,C-4a9xguoYZsmxXipo4p1Q,2012
341,C-4a9xguoYZsmxXipo4p1Q,2013
342,C-4a9xguoYZsmxXipo4p1Q,2017
343,C-4a9xguoYZsmxXipo4p1Q,2014
344,C-4a9xguoYZsmxXipo4p1Q,2010
345,C-4a9xguoYZsmxXipo4p1Q,2008
346,AOad1oj8iR7mdDAjYnnaLg,2011
347,AOad1oj8iR7mdDAjYnnaLg,2008
348,AOad1oj8iR7mdDAjYnnaLg,2007
349,AOad1oj8iR7mdDAjYnnaLg,2010
350,AOad1oj8iR7mdDAjYnnaLg,2009
351,VHc1yqBhsE-l3JQFXuWydQ,2014
352,VHc1yqBhsE-l3JQFXuWydQ,2013
353,VHc1yqBhsE-l3JQFXuWydQ,2016
354,VHc1yqBhsE-l3JQFXuWydQ,2015
355,VHc1yqBhsE-l3JQFXuWydQ,2017
356,fopp5eWIdrKOHyIQuH-XBQ,2015
357,fopp5eWIdrKOHyIQuH-XBQ,2014
358,fopp5eWIdrKOHyIQuH-XBQ,2013
359,fopp5eWIdrKOHyIQuH-XBQ,2011
360,fopp5eWIdrKOHyIQuH-XBQ,2016
361,i-Hz-RPDfDoSoEp0548VoQ,2012
362,i-Hz-RPDfDoSoEp0548VoQ,2013
363,gHDywclEmn5x0J590n-aTA,2011
364,gHDywclEmn5x0J590n-aTA,2014
365,gHDywclEmn5x0J590n-aTA,2013
366,gHDywclEmn5x0J590n-aTA,2012
367,UXAPXFo89WUeG0xm1dlF6Q,2012
368,UXAPXFo89WUeG0xm1dlF6Q,2013
369,UXAPXFo89WUeG0xm1dlF6Q,2015
370,UXAPXFo89WUeG0xm1dlF6Q,2011
371,UXAPXFo89WUeG0xm1dlF6Q,2014
372,_RvEDmpbQZulEdAV590QKg,2010
373,_RvEDmpbQZulEdAV590QKg,2011
374,_RvEDmpbQZulEdAV590QKg,2012
375,_RvEDmpbQZulEdAV590QKg,2013
376,36dpMGps6YnjCCK8gvPZ7Q,2014
377,05C4aRhRYpwcoGCT537jLQ,2010
378,05C4aRhRYpwcoGCT537jLQ,2009
379,05C4aRhRYpwcoGCT537jLQ,2011
380,05C4aRhRYpwcoGCT537jLQ,2007
381,05C4aRhRYpwcoGCT537jLQ,2008
382,o8Lo2pvM19nyYPBBycgSVg,2017
383,o8Lo2pvM19nyYPBBycgSVg,2013
384,o8Lo2pvM19nyYPBBycgSVg,2014
385,o8Lo2pvM19nyYPBBycgSVg,2016
386,o8Lo2pvM19nyYPBBycgSVg,2015
387,o8Lo2pvM19nyYPBBycgSVg,2012
388,TjIGlS1P_LAOyk_XHlXGzQ,2014
389,TjIGlS1P_LAOyk_XHlXGzQ,2016
390,TjIGlS1P_LAOyk_XHlXGzQ,2015
391,SRA86Xyf9fbOAhICWttMLQ,2014
392,SRA86Xyf9fbOAhICWttMLQ,2017
393,SRA86Xyf9fbOAhICWttMLQ,2016
394,SRA86Xyf9fbOAhICWttMLQ,2015
395,0Pj91NFPtXWeIDaLp2kuyw,2017
396,0Pj91NFPtXWeIDaLp2kuyw,2012
397,0Pj91NFPtXWeIDaLp2kuyw,2015
398,0Pj91NFPtXWeIDaLp2kuyw,2011
399,0Pj91NFPtXWeIDaLp2kuyw,2014
400,0Pj91NFPtXWeIDaLp2kuyw,2013
401,0Pj91NFPtXWeIDaLp2kuyw,2016
402,kln67Gdg9DeD1DzUiKNSDg,2016
403,kln67Gdg9DeD1DzUiKNSDg,2015
404,HIzpkqOOj5dpIFFX4gfrtA,2016
405,FkibF2i1heI-CE4OZi00IA,2015
406,FkibF2i1heI-CE4OZi00IA,2016
407,FkibF2i1heI-CE4OZi00IA,2017
408,s2c7-9bqMhjA8POuKIHm8g,2007
409,s2c7-9bqMhjA8POuKIHm8g,2016
410,s2c7-9bqMhjA8POuKIHm8g,2012
411,s2c7-9bqMhjA8POuKIHm8g,2011
412,s2c7-9bqMhjA8POuKIHm8g,2010
413,s2c7-9bqMhjA8POuKIHm8g,2008
414,s2c7-9bqMhjA8POuKIHm8g,2014
415,s2c7-9bqMhjA8POuKIHm8g,2013
416,s2c7-9bqMhjA8POuKIHm8g,2015
417,s2c7-9bqMhjA8POuKIHm8g,2017
418,s2c7-9bqMhjA8POuKIHm8g,2009
419,MQgm8BtxS-_W-unU4y0OxQ,2012
420,MQgm8BtxS-_W-unU4y0OxQ,2011
421,MQgm8BtxS-_W-unU4y0OxQ,2014
422,MQgm8BtxS-_W-unU4y0OxQ,2013
423,Sf3LGHUsHr5ZocB5b2TdNA,2013
424,Sf3LGHUsHr5ZocB5b2TdNA,2008
425,Sf3LGHUsHr5ZocB5b2TdNA,2016
426,Sf3LGHUsHr5ZocB5b2TdNA,2011
427,Sf3LGHUsHr5ZocB5b2TdNA,2010
428,Sf3LGHUsHr5ZocB5b2TdNA,2012
429,Sf3LGHUsHr5ZocB5b2TdNA,2009
430,Sf3LGHUsHr5ZocB5b2TdNA,2017
431,Sf3LGHUsHr5ZocB5b2TdNA,2014
432,j4MS5yNf5nSMXY1ggsu-6w,2017
433,q1sq0c6R34TD6pIfzA1DLw,2012
434,q1sq0c6R34TD6pIfzA1DLw,2013
435,F1_WWxCjdHhMKBjPS9ljvQ,2016
436,F1_WWxCjdHhMKBjPS9ljvQ,2015
437,xJDb2X2pxTuH343MW-DVGg,2017
438,xJDb2X2pxTuH343MW-DVGg,2007
439,xJDb2X2pxTuH343MW-DVGg,2010
440,xJDb2X2pxTuH343MW-DVGg,2012
441,xJDb2X2pxTuH343MW-DVGg,2008
442,xJDb2X2pxTuH343MW-DVGg,2013
443,xJDb2X2pxTuH343MW-DVGg,2016
444,xJDb2X2pxTuH343MW-DVGg,2015
445,xJDb2X2pxTuH343MW-DVGg,2014
446,xJDb2X2pxTuH343MW-DVGg,2011
447,xJDb2X2pxTuH343MW-DVGg,2009
448,XlkKZ36kV1anfubqDYnhUw,2009
449,XlkKZ36kV1anfubqDYnhUw,2010
450,N1skHtVWsZJaO8pm0CEjzQ,2012
451,N1skHtVWsZJaO8pm0CEjzQ,2010
452,N1skHtVWsZJaO8pm0CEjzQ,2011
453,N1skHtVWsZJaO8pm0CEjzQ,2013
454,N1skHtVWsZJaO8pm0CEjzQ,2014
455,CM8zdB2zcFUOqc93_v4uLQ,2013
456,CM8zdB2zcFUOqc93_v4uLQ,2014
457,CM8zdB2zcFUOqc93_v4uLQ,2015
458,CM8zdB2zcFUOqc93_v4uLQ,2016
459,CM8zdB2zcFUOqc93_v4uLQ,2012
460,qLkmShQi5TilOST6C0pYSg,2017
461,qYxGJKlYrqNgodzMWHaaGw,2007
462,qYxGJKlYrqNgodzMWHaaGw,2008
463,-s48ZKSA31DFNcgJLChhQQ,2017
464,-s48ZKSA31DFNcgJLChhQQ,2012
465,-s48ZKSA31DFNcgJLChhQQ,2011
466,VKeBgnFUrAMAbzob_-Vojg,2017
467,J10glDXz7JOEE7wGA57dCA,2011
468,J10glDXz7JOEE7wGA57dCA,2012
469,J10glDXz7JOEE7wGA57dCA,2016
470,J10glDXz7JOEE7wGA57dCA,2015
471,J10glDXz7JOEE7wGA57dCA,2014
472,J10glDXz7JOEE7wGA57dCA,2017
473,J10glDXz7JOEE7wGA57dCA,2010
474,J10glDXz7JOEE7wGA57dCA,2013
475,OitrGq9nJqd0PeqSf3AcLw,2017
476,OitrGq9nJqd0PeqSf3AcLw,2014
477,OitrGq9nJqd0PeqSf3AcLw,2012
478,OitrGq9nJqd0PeqSf3AcLw,2016
479,OitrGq9nJqd0PeqSf3AcLw,2013
480,OitrGq9nJqd0PeqSf3AcLw,2015
481,mC9ycQTEF3fHvcS3eejWTg,2012
482,mC9ycQTEF3fHvcS3eejWTg,2013
483,ME1-IwMQMHkowOxffKUx7w,2012
484,ME1-IwMQMHkowOxffKUx7w,2011
485,d_lpeMZNVRU0d-t50BGQ6Q,2017
486,d_lpeMZNVRU0d-t50BGQ6Q,2014
487,d_lpeMZNVRU0d-t50BGQ6Q,2016
488,d_lpeMZNVRU0d-t50BGQ6Q,2015
489,E5ARKUTfJI6scn1Z0876rA,2015
490,E5ARKUTfJI6scn1Z0876rA,2016
491,E5ARKUTfJI6scn1Z0876rA,2017
492,J1bhfgTs4HM_nMC6HwSdwA,2017
493,J1bhfgTs4HM_nMC6HwSdwA,2015
494,J1bhfgTs4HM_nMC6HwSdwA,2016
495,_5keMAmic7zzrnM5mVefBw,2014
496,_5keMAmic7zzrnM5mVefBw,2015
497,_5keMAmic7zzrnM5mVefBw,2017
498,_SdKvhvH13324sT_KF6J3w,2011
499,_SdKvhvH13324sT_KF6J3w,2010
500,1OfI-e-ByaZhEmnIDbOwmg,2011
501,1OfI-e-ByaZhEmnIDbOwmg,2010
502,1OfI-e-ByaZhEmnIDbOwmg,2009
503,lJaMhVl641JJhTZhR3s_EQ,2015
504,lJaMhVl641JJhTZhR3s_EQ,2013
505,lJaMhVl641JJhTZhR3s_EQ,2014
506,j_uVP3k5doZ0NALMZq_6hA,2017
507,b8SWcnxNL_czKgvRbzP0Mg,2015
508,b8SWcnxNL_czKgvRbzP0Mg,2017
509,b8SWcnxNL_czKgvRbzP0Mg,2016
510,TK7dZsvFTPPRL7f9CeYyhQ,2011
511,TK7dZsvFTPPRL7f9CeYyhQ,2010
512,egtD3QDv__ldvbYgZf-kMg,2016
513,DK9eq2zjoESaXpXK7zZIUw,2013
514,DK9eq2zjoESaXpXK7zZIUw,2016
515,DK9eq2zjoESaXpXK7zZIUw,2014
516,DK9eq2zjoESaXpXK7zZIUw,2015
517,kaoGNhDrb_YTcRj_zJPDag,2010
518,dcry6TioDEKJCSsRFq4PXw,2017
519,dcry6TioDEKJCSsRFq4PXw,2016
520,wMMA1K7Pbe1SI_sj86wIgQ,2016
521,wMMA1K7Pbe1SI_sj86wIgQ,2015
522,7Q6nBHl6NJ9gbJ900FkkAg,2013
523,7Q6nBHl6NJ9gbJ900FkkAg,2014
524,7Q6nBHl6NJ9gbJ900FkkAg,2016
525,7Q6nBHl6NJ9gbJ900FkkAg,2015
526,7Q6nBHl6NJ9gbJ900FkkAg,2017
527,RqTl3f3ZIhrjILKJFCEKDw,2016
528,RqTl3f3ZIhrjILKJFCEKDw,2017
529,ai5xAV3B9OO7roqG6GiZzA,2012
530,ai5xAV3B9OO7roqG6GiZzA,2013
531,ai5xAV3B9OO7roqG6GiZzA,2011
532,ai5xAV3B9OO7roqG6GiZzA,2010
533,xNUrxxLqIEhsOBFhK58Nyg,2014
534,5wwC8iWE4FvYJBvfeT-G7g,2017
535,5wwC8iWE4FvYJBvfeT-G7g,2016
536,BY706yX2di6z9rwUZgj-aA,2016
537,BY706yX2di6z9rwUZgj-aA,2017
538,BY706yX2di6z9rwUZgj-aA,2015
539,5V8eXkTJb6IejJkMDaj_Bw,2012
540,5V8eXkTJb6IejJkMDaj_Bw,2011
541,5V8eXkTJb6IejJkMDaj_Bw,2013
542,5V8eXkTJb6IejJkMDaj_Bw,2010
543,5V8eXkTJb6IejJkMDaj_Bw,2009
544,8RkMPXodOhoBTVSuuA9EwQ,2016
545,8RkMPXodOhoBTVSuuA9EwQ,2014
546,8RkMPXodOhoBTVSuuA9EwQ,2015
547,8RkMPXodOhoBTVSuuA9EwQ,2013
548,XXEiW14apWi8MZQPgeK5ag,2011
549,XXEiW14apWi8MZQPgeK5ag,2012
550,XXEiW14apWi8MZQPgeK5ag,2008
551,XXEiW14apWi8MZQPgeK5ag,2007
552,yYNaS41uahzoeKHl2ikXmg,2013
553,yYNaS41uahzoeKHl2ikXmg,2015
554,yYNaS41uahzoeKHl2ikXmg,2012
555,yYNaS41uahzoeKHl2ikXmg,2016
556,yYNaS41uahzoeKHl2ikXmg,2017
557,yYNaS41uahzoeKHl2ikXmg,2014
558,SbqzFyRWKajXsq_4EZI8Ag,2016
559,xYciRtVZ1PW4IxSX4oJ1aw,2015
560,xYciRtVZ1PW4IxSX4oJ1aw,2017
561,xYciRtVZ1PW4IxSX4oJ1aw,2016
562,hc_saqEuADO_E1HXRBdbmQ,2015
563,-aOyKAkjjEEyaGrXB9uKCg,2016
564,-aOyKAkjjEEyaGrXB9uKCg,2013
565,-aOyKAkjjEEyaGrXB9uKCg,2017
566,-aOyKAkjjEEyaGrXB9uKCg,2015
567,sNi88eCKkPXQEktvdlC5oA,2017
568,nQriXR5_Q6-8MsUHMEHp4A,2016
569,nQriXR5_Q6-8MsUHMEHp4A,2017
570,nQriXR5_Q6-8MsUHMEHp4A,2015
571,UAyA7mZSH60oMJyrGbTmQw,2010
572,Ud_k9qqjqPgcoo00JTadBg,2008
573,IRmoCSrhB-EKQgwqOR0F8w,2016
574,IRmoCSrhB-EKQgwqOR0F8w,2015
575,IRmoCSrhB-EKQgwqOR0F8w,2017
576,iF-ejKeLG7UKPS_g6hU-DQ,2014
577,iF-ejKeLG7UKPS_g6hU-DQ,2015
578,iF-ejKeLG7UKPS_g6hU-DQ,2013
579,iF-ejKeLG7UKPS_g6hU-DQ,2012
580,mwEFBv2HxqiOZnOxNK5LXQ,2012
581,mwEFBv2HxqiOZnOxNK5LXQ,2010
582,mwEFBv2HxqiOZnOxNK5LXQ,2011
583,C3wJYcNbb1aA1upSAOdBeA,2015
584,C3wJYcNbb1aA1upSAOdBeA,2014
585,C3wJYcNbb1aA1upSAOdBeA,2017
586,C3wJYcNbb1aA1upSAOdBeA,2016
587,vHaxYeTciV7IbPFu2uBjiw,2017
588,rwABCkMozPyz4y-gwH4Jbg,2015
589,rwABCkMozPyz4y-gwH4Jbg,2016
590,rwABCkMozPyz4y-gwH4Jbg,2017
591,0cG35-H4SbjjTTSlNoK3fw,2017
592,LbtgcM78nnmLNwfXjdU_ig,2017
593,LbtgcM78nnmLNwfXjdU_ig,2016
594,gW92EIPEon397mKWiCVLjQ,2012
595,gW92EIPEon397mKWiCVLjQ,2013
596,gW92EIPEon397mKWiCVLjQ,2014
597,aY1pbwrDLHHElTW-uU00_g,2015
598,Fio9RpyMAejPEsZhDFdb5w,2012
599,Fio9RpyMAejPEsZhDFdb5w,2011
600,Fio9RpyMAejPEsZhDFdb5w,2010
601,Fio9RpyMAejPEsZhDFdb5w,2013
602,UM6pQfNPU9ApnVrrSgMY8w,2009
603,UM6pQfNPU9ApnVrrSgMY8w,2010
604,eElrvnBme9B9IeiQEL-jTQ,2011
605,eElrvnBme9B9IeiQEL-jTQ,2015
606,eElrvnBme9B9IeiQEL-jTQ,2016
607,eElrvnBme9B9IeiQEL-jTQ,2017
608,eElrvnBme9B9IeiQEL-jTQ,2014
609,eElrvnBme9B9IeiQEL-jTQ,2013
610,eElrvnBme9B9IeiQEL-jTQ,2010
611,eElrvnBme9B9IeiQEL-jTQ,2012
612,uI5Rve_2YWFrhX2rowdkUg,2014
613,uI5Rve_2YWFrhX2rowdkUg,2016
614,uI5Rve_2YWFrhX2rowdkUg,2017
615,uI5Rve_2YWFrhX2rowdkUg,2015
616,k63ruJqUB7K2nF_JLH0ITg,2006
617,k63ruJqUB7K2nF_JLH0ITg,2007
618,k63ruJqUB7K2nF_JLH0ITg,2008
619,r8BwFMrz-Hjx9yTYwBpGWg,2015
620,r8BwFMrz-Hjx9yTYwBpGWg,2012
621,r8BwFMrz-Hjx9yTYwBpGWg,2014
622,r8BwFMrz-Hjx9yTYwBpGWg,2013
623,hd_Oea04ZqxykkAgejHuQw,2017
624,hd_Oea04ZqxykkAgejHuQw,2011
625,v9kNOSkmtpwAESHKtcuNjA,2015
626,v9kNOSkmtpwAESHKtcuNjA,2017
627,v9kNOSkmtpwAESHKtcuNjA,2016
628,unvzgPDXoCoiYHngxS3EGg,2016
629,unvzgPDXoCoiYHngxS3EGg,2011
630,unvzgPDXoCoiYHngxS3EGg,2017
631,ykV0Wn0SGQM9WD1do2lQww,2015
632,ykV0Wn0SGQM9WD1do2lQww,2014
633,pgFHVR9W_FHCMoPc8fe9xw,2015
634,pgFHVR9W_FHCMoPc8fe9xw,2016
635,-WMhXcdzVV-o3PN06-yzRA,2014
636,-WMhXcdzVV-o3PN06-yzRA,2013
637,kBQ28Rauvfu_W3O42H65vg,2015
638,v8jH3V60-mjnmC5sIdqJLQ,2014
639,_cGeIEwEpuPs3yjCmekJEA,2017
640,QT-ThcQQ_PhrmkzOHtiS5A,2013
641,QT-ThcQQ_PhrmkzOHtiS5A,2014
642,QT-ThcQQ_PhrmkzOHtiS5A,2012
643,QT-ThcQQ_PhrmkzOHtiS5A,2015
644,ZKIZEDFPtyeTCjctwqWw_Q,2013
645,QCgf-Pkrq74ydSvD1tg1Nw,2017
646,QCgf-Pkrq74ydSvD1tg1Nw,2015
647,QCgf-Pkrq74ydSvD1tg1Nw,2014
648,QCgf-Pkrq74ydSvD1tg1Nw,2016
649,B1b-TtQ2tB8BhkJFB-Mnkw,2012
650,B1b-TtQ2tB8BhkJFB-Mnkw,2013
651,B1b-TtQ2tB8BhkJFB-Mnkw,2011
652,B1b-TtQ2tB8BhkJFB-Mnkw,2014
653,ob12ag0bF6XSTlS7gMn74g,2017
654,jMThq46gJkPLnz7MkYaEvA,2017
655,qxuJk8rRr2Fm7OphnzOkoQ,2014
656,qxuJk8rRr2Fm7OphnzOkoQ,2017
657,qxuJk8rRr2Fm7OphnzOkoQ,2016
658,qxuJk8rRr2Fm7OphnzOkoQ,2015
659,V1kMHBMfU3g6-57T_hn7rg,2017
660,XYQGmI_Flh_HicxUWiQ_YA,2017
661,l0cy8SVCUhRaJh1J-O2hBg,2014
662,OKIEv9GEK94R2hCoZlh4vw,2015
663,OKIEv9GEK94R2hCoZlh4vw,2016
664,JsUnWydWdEJiU6UxbCadow,2012
665,JsUnWydWdEJiU6UxbCadow,2013
666,JsUnWydWdEJiU6UxbCadow,2011
667,JsUnWydWdEJiU6UxbCadow,2014
668,JlwWHBFT76iSJe5mWIcZ4A,2015
669,JlwWHBFT76iSJe5mWIcZ4A,2014
670,JlwWHBFT76iSJe5mWIcZ4A,2016
671,tgrs5VQ6thhouiEtMU-N_w,2015
672,tgrs5VQ6thhouiEtMU-N_w,2013
673,tgrs5VQ6thhouiEtMU-N_w,2014
674,tgrs5VQ6thhouiEtMU-N_w,2011
675,tgrs5VQ6thhouiEtMU-N_w,2017
676,tgrs5VQ6thhouiEtMU-N_w,2016
677,tgrs5VQ6thhouiEtMU-N_w,2012
678,0GUD0q7aKzgSeNBeBDm6Pw,2013
679,0GUD0q7aKzgSeNBeBDm6Pw,2014
680,0GUD0q7aKzgSeNBeBDm6Pw,2012
681,CB0oWs49o7b8kvvXvx9eJw,2016
682,CB0oWs49o7b8kvvXvx9eJw,2017
683,KsK2VrCDys9hzpT5JMkkNw,2013
684,KsK2VrCDys9hzpT5JMkkNw,2015
685,KsK2VrCDys9hzpT5JMkkNw,2010
686,KsK2VrCDys9hzpT5JMkkNw,2011
687,KsK2VrCDys9hzpT5JMkkNw,2014
688,KsK2VrCDys9hzpT5JMkkNw,2012
689,y77GGCw8wEyLK9gHrjOjTA,2017
690,RH4xW7topEP2luB2b_JhpA,2017
691,bljhS5xcEwS3MhVQ_bvHFw,2014
692,bljhS5xcEwS3MhVQ_bvHFw,2016
693,bljhS5xcEwS3MhVQ_bvHFw,2015
694,5j3Vot6dDh5K8jZKjBBBcQ,2017
695,5j3Vot6dDh5K8jZKjBBBcQ,2016
696,0NN-JFIQn7SDKRrRFHpkQw,2013
697,0NN-JFIQn7SDKRrRFHpkQw,2012
698,iFmMV7pHYqhqpK9Ctm4xQA,2015
699,iFmMV7pHYqhqpK9Ctm4xQA,2014
700,iFmMV7pHYqhqpK9Ctm4xQA,2012
701,iFmMV7pHYqhqpK9Ctm4xQA,2013
702,f3670JXvEcEbTvqBc1Igrw,2016
703,f3670JXvEcEbTvqBc1Igrw,2017
704,h9q_4XP5XpTxwUUVJW-5qg,2010
705,h9q_4XP5XpTxwUUVJW-5qg,2011
706,h9q_4XP5XpTxwUUVJW-5qg,2013
707,h9q_4XP5XpTxwUUVJW-5qg,2012
708,4wqKW7A9-7TfEzGClFT3_g,2017
709,4wqKW7A9-7TfEzGClFT3_g,2016
710,4wqKW7A9-7TfEzGClFT3_g,2013
711,4wqKW7A9-7TfEzGClFT3_g,2010
712,4wqKW7A9-7TfEzGClFT3_g,2012
713,4wqKW7A9-7TfEzGClFT3_g,2014
714,4wqKW7A9-7TfEzGClFT3_g,2011
715,4wqKW7A9-7TfEzGClFT3_g,2015
716,tIs8AnbTyvmS_S7mgYRs-A,2015
717,tIs8AnbTyvmS_S7mgYRs-A,2013
718,tIs8AnbTyvmS_S7mgYRs-A,2016
719,tIs8AnbTyvmS_S7mgYRs-A,2014
720,J9mHpteG5XVio6NqcwHPCg,2017
721,HBNqWjC56VnHiMvs0rxyVw,2017
722,HBNqWjC56VnHiMvs0rxyVw,2015
723,HBNqWjC56VnHiMvs0rxyVw,2016
724,2otXDEiKDqUbox4BS6uK0g,2017
725,2otXDEiKDqUbox4BS6uK0g,2016
726,2otXDEiKDqUbox4BS6uK0g,2015
727,2otXDEiKDqUbox4BS6uK0g,2013
728,2otXDEiKDqUbox4BS6uK0g,2014
729,mGvVBHcG0YEi8epcDBJHXQ,2012
730,mGvVBHcG0YEi8epcDBJHXQ,2017
731,mGvVBHcG0YEi8epcDBJHXQ,2013
732,mGvVBHcG0YEi8epcDBJHXQ,2016
733,mGvVBHcG0YEi8epcDBJHXQ,2014
734,mGvVBHcG0YEi8epcDBJHXQ,2015
735,BJZ8hggYeFunC4fHdKDOtA,2016
736,BJZ8hggYeFunC4fHdKDOtA,2017
737,hV9bI1Qe5WquAoDNHCllXg,2008
738,hV9bI1Qe5WquAoDNHCllXg,2010
739,hV9bI1Qe5WquAoDNHCllXg,2007
740,bsQpAYGIb-6Ua6fqRzWJhw,2017
741,bsQpAYGIb-6Ua6fqRzWJhw,2014
742,bsQpAYGIb-6Ua6fqRzWJhw,2016
743,sTW0gS1reTlPhrZYCDKH7A,2014
744,sTW0gS1reTlPhrZYCDKH7A,2013
745,sTW0gS1reTlPhrZYCDKH7A,2015
746,gRnvdRFjPeM5qzoK89GJVQ,2010
747,gRnvdRFjPeM5qzoK89GJVQ,2011
748,Rdrk5ajjb0SRnk76TYxZWw,2015
749,Rdrk5ajjb0SRnk76TYxZWw,2013
750,Rdrk5ajjb0SRnk76TYxZWw,2014
751,Rdrk5ajjb0SRnk76TYxZWw,2016
752,Rdrk5ajjb0SRnk76TYxZWw,2011
753,pRmwJ6jt3ClpH4JIaAF0yA,2011
754,pRmwJ6jt3ClpH4JIaAF0yA,2010
755,6OKQ-g9HjBDXsg7_JTvg1g,2016
756,6OKQ-g9HjBDXsg7_JTvg1g,2017
757,6OKQ-g9HjBDXsg7_JTvg1g,2015
758,HV24bliLib6FuMW3bWBrpQ,2013
759,HV24bliLib6FuMW3bWBrpQ,2012
760,HV24bliLib6FuMW3bWBrpQ,2014
761,dPyoiUYkHngAkns1gzzhFA,2017
762,J2Aii7GdFK7Caxem6pk7rQ,2014
763,J2Aii7GdFK7Caxem6pk7rQ,2016
764,J2Aii7GdFK7Caxem6pk7rQ,2015
765,QLGrFmUwWFDbaJ3NQED0Qg,2012
766,QLGrFmUwWFDbaJ3NQED0Qg,2011
767,cdB_dIYHieklXNyvmrXweA,2017
768,UIJOUAY8hYY8QYzup6QtQg,2015
769,UIJOUAY8hYY8QYzup6QtQg,2016
770,UIJOUAY8hYY8QYzup6QtQg,2013
771,UIJOUAY8hYY8QYzup6QtQg,2014
772,FuHrIYl5tnE0HWdgnIENng,2017
773,FuHrIYl5tnE0HWdgnIENng,2015
774,FuHrIYl5tnE0HWdgnIENng,2016
775,Nc0QIdfbK-VIjmDUlCM5Zw,2017
776,avvaFHQKbdAIsklYfC0vWw,2012
777,avvaFHQKbdAIsklYfC0vWw,2013
778,GFJ2uEQqCK0SJ2-tYFLT3w,2009
779,GFJ2uEQqCK0SJ2-tYFLT3w,2010
780,nJ9pDsZ8i6WnNlqq8nT6GA,2011
781,nJ9pDsZ8i6WnNlqq8nT6GA,2010
782,-2mdZhSzWmFdujk6zYLwFA,2010
783,-2mdZhSzWmFdujk6zYLwFA,2012
784,-2mdZhSzWmFdujk6zYLwFA,2011
785,-2mdZhSzWmFdujk6zYLwFA,2013
786,bFrrYqsgbTm8vLUM_Azu6w,2012
787,bFrrYqsgbTm8vLUM_Azu6w,2013
788,bFrrYqsgbTm8vLUM_Azu6w,2014
789,8ZltQWq5Q1C-D8VMVEUBwQ,2013
790,8ZltQWq5Q1C-D8VMVEUBwQ,2015
791,8ZltQWq5Q1C-D8VMVEUBwQ,2012
792,8ZltQWq5Q1C-D8VMVEUBwQ,2017
793,8ZltQWq5Q1C-D8VMVEUBwQ,2016
794,8ZltQWq5Q1C-D8VMVEUBwQ,2014
795,OPro5OxZwttqEfta4N3aqA,2017
796,35cOznQiCo8pz_NBULvL_w,2008
797,35cOznQiCo8pz_NBULvL_w,2009
798,35cOznQiCo8pz_NBULvL_w,2007
799,d48s3eV-3bHU_ztjyackJQ,2012
800,d48s3eV-3bHU_ztjyackJQ,2014
801,d48s3eV-3bHU_ztjyackJQ,2013
802,d48s3eV-3bHU_ztjyackJQ,2011
803,_fnwcQLS7VyA8T5FyhHtCw,2015
804,_fnwcQLS7VyA8T5FyhHtCw,2017
805,_fnwcQLS7VyA8T5FyhHtCw,2016
806,ra7-S6a9asmtSzoJBNCd8A,2016
807,ra7-S6a9asmtSzoJBNCd8A,2014
808,ra7-S6a9asmtSzoJBNCd8A,2017
809,ra7-S6a9asmtSzoJBNCd8A,2015
810,ra7-S6a9asmtSzoJBNCd8A,2013
811,XYl43Jgcl_AgM5YXDFVy5A,2017
812,Y7BmdYS9S3rGa8-rWHMtOQ,2011
813,Y7BmdYS9S3rGa8-rWHMtOQ,2010
814,Y_h-nrOIIZWBF-AFzdQbgQ,2017
815,hciNTBUFZ1i_ty4COmWcyA,2015
816,hciNTBUFZ1i_ty4COmWcyA,2016
817,n72oGzy43A7pOncGl-0wAA,2017
818,n72oGzy43A7pOncGl-0wAA,2015
819,n72oGzy43A7pOncGl-0wAA,2016
820,pYoKc9NfstkvwR1ZBAuGPw,2009
821,pYoKc9NfstkvwR1ZBAuGPw,2011
822,pYoKc9NfstkvwR1ZBAuGPw,2010
823,pYoKc9NfstkvwR1ZBAuGPw,2012
824,pYoKc9NfstkvwR1ZBAuGPw,2014
825,pYoKc9NfstkvwR1ZBAuGPw,2015
826,pYoKc9NfstkvwR1ZBAuGPw,2013
827,kpJ-QA-6jMlC3BK7ARd9GA,2017
828,t3RHt1j91D8GP5XD5Mvxow,2017
829,t3RHt1j91D8GP5XD5Mvxow,2015
830,t3RHt1j91D8GP5XD5Mvxow,2016
831,cefQrb_s6ZBDEzligUhcYg,2017
832,lM19Y0-Zj3E_4Q2ygZz9FQ,2013
833,lM19Y0-Zj3E_4Q2ygZz9FQ,2012
834,lM19Y0-Zj3E_4Q2ygZz9FQ,2014
835,lM19Y0-Zj3E_4Q2ygZz9FQ,2015
836,Rd__6ZGCWea1o8Yku7ZsaA,2012
837,Rd__6ZGCWea1o8Yku7ZsaA,2011
838,9LKzj7fjminbclzunly1kQ,2016
839,9LKzj7fjminbclzunly1kQ,2017
840,nD60twHjxkBw4rqoUOk8xg,2013
841,nD60twHjxkBw4rqoUOk8xg,2012
842,nD60twHjxkBw4rqoUOk8xg,2011
843,nD60twHjxkBw4rqoUOk8xg,2010
844,0jap5J6Rm2SBEDBSH38SSA,2017
845,0jap5J6Rm2SBEDBSH38SSA,2016
846,rR22oLmJRBHqh6ONHIl3Aw,2015
847,rR22oLmJRBHqh6ONHIl3Aw,2016
848,rR22oLmJRBHqh6ONHIl3Aw,2014
849,rR22oLmJRBHqh6ONHIl3Aw,2013
850,oveaEgQQsO0iEDCiiUDLHw,2015
851,oveaEgQQsO0iEDCiiUDLHw,2017
852,oveaEgQQsO0iEDCiiUDLHw,2016
853,oPVY6-CJt2EI335lKWwxmg,2016
854,oPVY6-CJt2EI335lKWwxmg,2017
855,oPVY6-CJt2EI335lKWwxmg,2015
856,SG7RCjL9jS9LrgyM6TGSCw,2012
857,ARmTsZ-XW1EtB4ClFTEigQ,2016
858,ARmTsZ-XW1EtB4ClFTEigQ,2017
859,ARmTsZ-XW1EtB4ClFTEigQ,2014
860,ARmTsZ-XW1EtB4ClFTEigQ,2015
861,eTrsEzU3GouZQJXUZBKNQA,2016
862,eTrsEzU3GouZQJXUZBKNQA,2013
863,eTrsEzU3GouZQJXUZBKNQA,2014
864,eTrsEzU3GouZQJXUZBKNQA,2012
865,eTrsEzU3GouZQJXUZBKNQA,2015
866,GyzIYH4hqTVUiDGqXq29zg,2012
867,GyzIYH4hqTVUiDGqXq29zg,2009
868,GyzIYH4hqTVUiDGqXq29zg,2011
869,GyzIYH4hqTVUiDGqXq29zg,2010
870,GyzIYH4hqTVUiDGqXq29zg,2013
871,_stvbq0E_wxlqTTg2QGUzg,2016
872,_stvbq0E_wxlqTTg2QGUzg,2017
873,_stvbq0E_wxlqTTg2QGUzg,2014
874,_stvbq0E_wxlqTTg2QGUzg,2015
875,L_OxAt1gt9l1gokgGoW7Sg,2016
876,L_OxAt1gt9l1gokgGoW7Sg,2017
877,vntjd0_9n6DH_U8kSu9DcA,2015
878,vntjd0_9n6DH_U8kSu9DcA,2014
879,vntjd0_9n6DH_U8kSu9DcA,2013
880,0EhPIlDozxGKpbbHRr6vZg,2017
881,0EhPIlDozxGKpbbHRr6vZg,2015
882,0EhPIlDozxGKpbbHRr6vZg,2016
883,0EhPIlDozxGKpbbHRr6vZg,2014
884,gvVWAOUDIIwoABYeSZ0EQw,2013
885,gvVWAOUDIIwoABYeSZ0EQw,2012
886,MZY3i2feNa6tvtT4UVgrag,2017
887,MZY3i2feNa6tvtT4UVgrag,2016
888,Z5nEN8EmKutDvPkc2v89TA,2017
889,Z5nEN8EmKutDvPkc2v89TA,2015
890,Z5nEN8EmKutDvPkc2v89TA,2016
891,7i1mys6ZVQUiRlyO71f70Q,2017
892,Wk_xohYcysEWnkhOp3sBSA,2017
893,Wk_xohYcysEWnkhOp3sBSA,2014
894,Wk_xohYcysEWnkhOp3sBSA,2015
895,Wk_xohYcysEWnkhOp3sBSA,2016
896,r1D3I2QXRgbsvN8OTGSB7w,2017
897,JcB4XA0zxlx6F4b4MUT0Hg,2014
898,JcB4XA0zxlx6F4b4MUT0Hg,2009
899,JcB4XA0zxlx6F4b4MUT0Hg,2012
900,JcB4XA0zxlx6F4b4MUT0Hg,2011
901,JcB4XA0zxlx6F4b4MUT0Hg,2010
902,JcB4XA0zxlx6F4b4MUT0Hg,2017
903,JcB4XA0zxlx6F4b4MUT0Hg,2015
904,JcB4XA0zxlx6F4b4MUT0Hg,2016
905,JcB4XA0zxlx6F4b4MUT0Hg,2013
906,LGABwF9U75AZiczeoAkcTQ,2017
907,t-0_us3OTzs_ZhKy6fcamg,2014
908,t-0_us3OTzs_ZhKy6fcamg,2015
909,t-0_us3OTzs_ZhKy6fcamg,2017
910,t-0_us3OTzs_ZhKy6fcamg,2016
911,bwW54gi5-0aB3UM-ya0S0Q,2017
912,FECBBdLTjAFx7EMI9ilWKw,2017
913,FECBBdLTjAFx7EMI9ilWKw,2015
914,FECBBdLTjAFx7EMI9ilWKw,2016
915,FECBBdLTjAFx7EMI9ilWKw,2014
916,HUXgan4Zm5W_xyy27RiCEA,2012
917,HUXgan4Zm5W_xyy27RiCEA,2016
918,HUXgan4Zm5W_xyy27RiCEA,2017
919,HUXgan4Zm5W_xyy27RiCEA,2015
920,HUXgan4Zm5W_xyy27RiCEA,2013
921,HUXgan4Zm5W_xyy27RiCEA,2014
922,JWgti_adPZywG9SKUbnB-w,2015
923,Z6OjIdBXiIxZzGoDc_cWKg,2016
924,Z6OjIdBXiIxZzGoDc_cWKg,2015
925,Z6OjIdBXiIxZzGoDc_cWKg,2014
926,M_UuEwc_HoqPhqgEzkjPrg,2016
927,M_UuEwc_HoqPhqgEzkjPrg,2017
928,M_UuEwc_HoqPhqgEzkjPrg,2015
929,M_UuEwc_HoqPhqgEzkjPrg,2014
930,CMNeas2Y8ai4ImpPwgwAew,2008
931,CMNeas2Y8ai4ImpPwgwAew,2007
932,CMNeas2Y8ai4ImpPwgwAew,2009
933,CZ36wJqV-Xit758UaOr81A,2014
934,CZ36wJqV-Xit758UaOr81A,2015
935,CZ36wJqV-Xit758UaOr81A,2016
936,k9LzJbfMvgVzN0nWLXqyqg,2016
937,mvav3-ehbZn2BKVgHihWSg,2017
938,13xeC5yKJO4BDyQOI3xxDQ,2010
939,13xeC5yKJO4BDyQOI3xxDQ,2011
940,13xeC5yKJO4BDyQOI3xxDQ,2009
941,gvOuN8PAUJHOfbO03dOgUA,2013
942,gvOuN8PAUJHOfbO03dOgUA,2014
943,gvOuN8PAUJHOfbO03dOgUA,2016
944,gvOuN8PAUJHOfbO03dOgUA,2017
945,gvOuN8PAUJHOfbO03dOgUA,2011
946,gvOuN8PAUJHOfbO03dOgUA,2015
947,gvOuN8PAUJHOfbO03dOgUA,2012
948,UdI1R0KzOtBzF-1td-WT-g,2017
949,0s4zhb05z65FSco0i12SxA,2016
950,0s4zhb05z65FSco0i12SxA,2017
951,71IYrODaVPnVTAMcoQwelQ,2013
952,71IYrODaVPnVTAMcoQwelQ,2014
953,EAjQ4YuSH0Jg9rIUy6LTgw,2014
954,EAjQ4YuSH0Jg9rIUy6LTgw,2016
955,EAjQ4YuSH0Jg9rIUy6LTgw,2013
956,EAjQ4YuSH0Jg9rIUy6LTgw,2017
957,EAjQ4YuSH0Jg9rIUy6LTgw,2012
958,EAjQ4YuSH0Jg9rIUy6LTgw,2015
959,OWeu1EQccgoVBDhdxFUu2A,2017
960,OWeu1EQccgoVBDhdxFUu2A,2015
961,OWeu1EQccgoVBDhdxFUu2A,2016
962,FsQStXUCmW75FYzF3jzkFw,2013
963,FsQStXUCmW75FYzF3jzkFw,2014
964,FsQStXUCmW75FYzF3jzkFw,2010
965,FsQStXUCmW75FYzF3jzkFw,2015
966,FsQStXUCmW75FYzF3jzkFw,2012
967,FsQStXUCmW75FYzF3jzkFw,2016
968,FsQStXUCmW75FYzF3jzkFw,2011
969,XJVqcGM3nN1zwzhhM8nAoQ,2010
970,XJVqcGM3nN1zwzhhM8nAoQ,2012
971,XJVqcGM3nN1zwzhhM8nAoQ,2011
972,pDfL8xt8F8ls0-kQIG_ADg,2011
973,pDfL8xt8F8ls0-kQIG_ADg,2012
974,pDfL8xt8F8ls0-kQIG_ADg,2013
975,pDfL8xt8F8ls0-kQIG_ADg,2015
976,pDfL8xt8F8ls0-kQIG_ADg,2009
977,pDfL8xt8F8ls0-kQIG_ADg,2016
978,pDfL8xt8F8ls0-kQIG_ADg,2014
979,pDfL8xt8F8ls0-kQIG_ADg,2010
980,pDfL8xt8F8ls0-kQIG_ADg,2017
981,qJRXhpW-YWtZr6x8diYuVQ,2017
982,scu1qTGz6xsVKgW_-0Gmjw,2010
983,scu1qTGz6xsVKgW_-0Gmjw,2011
984,9yPITTB_nUpXkau8IqfPqQ,2010
985,9yPITTB_nUpXkau8IqfPqQ,2011
986,9yPITTB_nUpXkau8IqfPqQ,2013
987,9yPITTB_nUpXkau8IqfPqQ,2012
988,YMgZqBUAddmFErxLtCfK_w,2013
989,YMgZqBUAddmFErxLtCfK_w,2010
990,YMgZqBUAddmFErxLtCfK_w,2015
991,YMgZqBUAddmFErxLtCfK_w,2017
992,YMgZqBUAddmFErxLtCfK_w,2014
993,YMgZqBUAddmFErxLtCfK_w,2012
994,YMgZqBUAddmFErxLtCfK_w,2011
995,YMgZqBUAddmFErxLtCfK_w,2016
996,ifANIuIaiDSO5YL9rN5Q5g,2017
997,UUFz47RLcE8PS4u58KAnHw,2017
998,N00VoXdiyEBwOIWwD5PYKA,2009
999,N00VoXdiyEBwOIWwD5PYKA,2010
1000,N00VoXdiyEBwOIWwD5PYKA,2011
