id,business_id,date,count
1,7KPBkxAOEtb3QeIL9PEErg,Thursday-21:00,4
2,7KPBkxAOEtb3QeIL9PEErg,Thursday-1:00,1
3,7KPBkxAOEtb3QeIL9PEErg,Thursday-4:00,1
4,7KPBkxAOEtb3QeIL9PEErg,Thursday-2:00,1
5,7KPBkxAOEtb3QeIL9PEErg,Thursday-20:00,4
6,7KPBkxAOEtb3QeIL9PEErg,Thursday-22:00,1
7,7KPBkxAOEtb3QeIL9PEErg,Thursday-19:00,1
8,7KPBkxAOEtb3QeIL9PEErg,Thursday-18:00,1
9,7KPBkxAOEtb3QeIL9PEErg,Thursday-15:00,2
10,7KPBkxAOEtb3QeIL9PEErg,Thursday-13:00,1
11,7KPBkxAOEtb3QeIL9PEErg,Thursday-23:00,2
12,7KPBkxAOEtb3QeIL9PEErg,Wednesday-11:00,2
13,7KPBkxAOEtb3QeIL9PEErg,Wednesday-13:00,2
14,7KPBkxAOEtb3QeIL9PEErg,Wednesday-14:00,1
15,7KPBkxAOEtb3QeIL9PEErg,Wednesday-17:00,1
16,7KPBkxAOEtb3QeIL9PEErg,Wednesday-6:00,1
17,7KPBkxAOEtb3QeIL9PEErg,Wednesday-2:00,1
18,7KPBkxAOEtb3QeIL9PEErg,Wednesday-0:00,2
19,7KPBkxAOEtb3QeIL9PEErg,Wednesday-1:00,1
20,7KPBkxAOEtb3QeIL9PEErg,Wednesday-21:00,1
21,7KPBkxAOEtb3QeIL9PEErg,Wednesday-18:00,1
22,7KPBkxAOEtb3QeIL9PEErg,Wednesday-19:00,1
23,7KPBkxAOEtb3QeIL9PEErg,Wednesday-20:00,3
24,7KPBkxAOEtb3QeIL9PEErg,Sunday-18:00,1
25,7KPBkxAOEtb3QeIL9PEErg,Sunday-16:00,1
26,7KPBkxAOEtb3QeIL9PEErg,Sunday-14:00,1
27,7KPBkxAOEtb3QeIL9PEErg,Sunday-19:00,2
28,7KPBkxAOEtb3QeIL9PEErg,Sunday-17:00,1
29,7KPBkxAOEtb3QeIL9PEErg,Sunday-23:00,1
30,7KPBkxAOEtb3QeIL9PEErg,Sunday-21:00,1
31,7KPBkxAOEtb3QeIL9PEErg,Sunday-20:00,5
32,7KPBkxAOEtb3QeIL9PEErg,Sunday-6:00,1
33,7KPBkxAOEtb3QeIL9PEErg,Sunday-0:00,1
34,7KPBkxAOEtb3QeIL9PEErg,Sunday-2:00,2
35,7KPBkxAOEtb3QeIL9PEErg,Sunday-3:00,3
36,7KPBkxAOEtb3QeIL9PEErg,Friday-16:00,1
37,7KPBkxAOEtb3QeIL9PEErg,Friday-14:00,2
38,7KPBkxAOEtb3QeIL9PEErg,Friday-10:00,2
39,7KPBkxAOEtb3QeIL9PEErg,Friday-23:00,1
40,7KPBkxAOEtb3QeIL9PEErg,Friday-18:00,1
41,7KPBkxAOEtb3QeIL9PEErg,Friday-17:00,1
42,7KPBkxAOEtb3QeIL9PEErg,Friday-21:00,4
43,7KPBkxAOEtb3QeIL9PEErg,Friday-19:00,3
44,7KPBkxAOEtb3QeIL9PEErg,Friday-15:00,1
45,7KPBkxAOEtb3QeIL9PEErg,Friday-22:00,2
46,7KPBkxAOEtb3QeIL9PEErg,Friday-3:00,1
47,7KPBkxAOEtb3QeIL9PEErg,Friday-0:00,2
48,7KPBkxAOEtb3QeIL9PEErg,Saturday-21:00,1
49,7KPBkxAOEtb3QeIL9PEErg,Saturday-23:00,3
50,7KPBkxAOEtb3QeIL9PEErg,Saturday-18:00,4
51,7KPBkxAOEtb3QeIL9PEErg,Saturday-10:00,1
52,7KPBkxAOEtb3QeIL9PEErg,Saturday-12:00,1
53,7KPBkxAOEtb3QeIL9PEErg,Saturday-13:00,3
54,7KPBkxAOEtb3QeIL9PEErg,Saturday-15:00,1
55,7KPBkxAOEtb3QeIL9PEErg,Saturday-16:00,2
56,7KPBkxAOEtb3QeIL9PEErg,Saturday-17:00,4
57,7KPBkxAOEtb3QeIL9PEErg,Saturday-14:00,1
58,7KPBkxAOEtb3QeIL9PEErg,Saturday-2:00,1
59,7KPBkxAOEtb3QeIL9PEErg,Saturday-0:00,1
60,7KPBkxAOEtb3QeIL9PEErg,Saturday-1:00,3
61,7KPBkxAOEtb3QeIL9PEErg,Monday-12:00,1
62,7KPBkxAOEtb3QeIL9PEErg,Monday-11:00,1
63,7KPBkxAOEtb3QeIL9PEErg,Monday-17:00,3
64,7KPBkxAOEtb3QeIL9PEErg,Monday-14:00,1
65,7KPBkxAOEtb3QeIL9PEErg,Monday-15:00,1
66,7KPBkxAOEtb3QeIL9PEErg,Monday-18:00,1
67,7KPBkxAOEtb3QeIL9PEErg,Monday-4:00,1
68,7KPBkxAOEtb3QeIL9PEErg,Monday-23:00,1
69,7KPBkxAOEtb3QeIL9PEErg,Monday-20:00,1
70,7KPBkxAOEtb3QeIL9PEErg,Monday-19:00,1
71,7KPBkxAOEtb3QeIL9PEErg,Tuesday-18:00,2
72,7KPBkxAOEtb3QeIL9PEErg,Tuesday-12:00,1
73,7KPBkxAOEtb3QeIL9PEErg,Tuesday-13:00,2
74,7KPBkxAOEtb3QeIL9PEErg,Tuesday-16:00,1
75,7KPBkxAOEtb3QeIL9PEErg,Tuesday-17:00,1
76,7KPBkxAOEtb3QeIL9PEErg,Tuesday-15:00,1
77,7KPBkxAOEtb3QeIL9PEErg,Tuesday-4:00,1
78,7KPBkxAOEtb3QeIL9PEErg,Tuesday-21:00,1
79,7KPBkxAOEtb3QeIL9PEErg,Tuesday-20:00,2
80,7KPBkxAOEtb3QeIL9PEErg,Tuesday-23:00,2
81,kREVIrSBbtqBhIYkTccQUg,Monday-13:00,1
82,kREVIrSBbtqBhIYkTccQUg,Thursday-20:00,1
83,kREVIrSBbtqBhIYkTccQUg,Thursday-13:00,1
84,kREVIrSBbtqBhIYkTccQUg,Sunday-19:00,1
85,kREVIrSBbtqBhIYkTccQUg,Wednesday-17:00,1
86,kREVIrSBbtqBhIYkTccQUg,Saturday-21:00,1
87,kREVIrSBbtqBhIYkTccQUg,Saturday-16:00,1
88,tJRDll5yqpZwehenzE2cSg,Monday-12:00,1
89,tJRDll5yqpZwehenzE2cSg,Monday-1:00,1
90,tJRDll5yqpZwehenzE2cSg,Friday-23:00,1
91,tJRDll5yqpZwehenzE2cSg,Saturday-16:00,1
92,tJRDll5yqpZwehenzE2cSg,Thursday-0:00,1
93,r1p7RAMzCV_6NPF0dNoR3g,Thursday-23:00,1
94,r1p7RAMzCV_6NPF0dNoR3g,Saturday-21:00,1
95,r1p7RAMzCV_6NPF0dNoR3g,Saturday-3:00,1
96,r1p7RAMzCV_6NPF0dNoR3g,Saturday-23:00,1
97,r1p7RAMzCV_6NPF0dNoR3g,Sunday-18:00,1
98,mDdqgfrvROGAumcQdZ3HIg,Monday-12:00,1
99,mDdqgfrvROGAumcQdZ3HIg,Monday-21:00,1
100,mDdqgfrvROGAumcQdZ3HIg,Wednesday-12:00,1
101,mDdqgfrvROGAumcQdZ3HIg,Wednesday-21:00,2
102,mDdqgfrvROGAumcQdZ3HIg,Wednesday-18:00,1
103,mDdqgfrvROGAumcQdZ3HIg,Thursday-20:00,1
104,mDdqgfrvROGAumcQdZ3HIg,Thursday-13:00,1
105,mDdqgfrvROGAumcQdZ3HIg,Thursday-21:00,1
106,mDdqgfrvROGAumcQdZ3HIg,Thursday-12:00,1
107,mDdqgfrvROGAumcQdZ3HIg,Thursday-11:00,3
108,mDdqgfrvROGAumcQdZ3HIg,Thursday-22:00,1
109,mDdqgfrvROGAumcQdZ3HIg,Friday-19:00,1
110,mDdqgfrvROGAumcQdZ3HIg,Friday-21:00,2
111,mDdqgfrvROGAumcQdZ3HIg,Friday-11:00,1
112,mDdqgfrvROGAumcQdZ3HIg,Friday-13:00,1
113,mDdqgfrvROGAumcQdZ3HIg,Friday-2:00,1
114,mDdqgfrvROGAumcQdZ3HIg,Friday-22:00,3
115,mDdqgfrvROGAumcQdZ3HIg,Tuesday-22:00,2
116,mDdqgfrvROGAumcQdZ3HIg,Tuesday-21:00,2
117,mDdqgfrvROGAumcQdZ3HIg,Tuesday-20:00,2
118,nhZ1HGWD8lMErdn3FuWuTQ,Sunday-18:00,1
119,nhZ1HGWD8lMErdn3FuWuTQ,Sunday-17:00,2
120,nhZ1HGWD8lMErdn3FuWuTQ,Sunday-22:00,1
121,nhZ1HGWD8lMErdn3FuWuTQ,Sunday-0:00,1
122,nhZ1HGWD8lMErdn3FuWuTQ,Sunday-2:00,1
123,nhZ1HGWD8lMErdn3FuWuTQ,Friday-18:00,1
124,nhZ1HGWD8lMErdn3FuWuTQ,Friday-22:00,2
125,nhZ1HGWD8lMErdn3FuWuTQ,Friday-1:00,1
126,nhZ1HGWD8lMErdn3FuWuTQ,Friday-0:00,1
127,nhZ1HGWD8lMErdn3FuWuTQ,Thursday-3:00,1
128,nhZ1HGWD8lMErdn3FuWuTQ,Thursday-0:00,1
129,nhZ1HGWD8lMErdn3FuWuTQ,Thursday-20:00,1
130,nhZ1HGWD8lMErdn3FuWuTQ,Thursday-21:00,1
131,nhZ1HGWD8lMErdn3FuWuTQ,Thursday-2:00,1
132,nhZ1HGWD8lMErdn3FuWuTQ,Wednesday-3:00,1
133,nhZ1HGWD8lMErdn3FuWuTQ,Wednesday-0:00,1
134,nhZ1HGWD8lMErdn3FuWuTQ,Wednesday-22:00,1
135,nhZ1HGWD8lMErdn3FuWuTQ,Saturday-20:00,1
136,nhZ1HGWD8lMErdn3FuWuTQ,Saturday-23:00,2
137,nhZ1HGWD8lMErdn3FuWuTQ,Saturday-22:00,3
138,nhZ1HGWD8lMErdn3FuWuTQ,Saturday-19:00,1
139,nhZ1HGWD8lMErdn3FuWuTQ,Saturday-17:00,1
140,nhZ1HGWD8lMErdn3FuWuTQ,Saturday-1:00,1
141,nhZ1HGWD8lMErdn3FuWuTQ,Saturday-3:00,1
142,nhZ1HGWD8lMErdn3FuWuTQ,Saturday-0:00,1
143,nhZ1HGWD8lMErdn3FuWuTQ,Monday-17:00,1
144,nhZ1HGWD8lMErdn3FuWuTQ,Monday-18:00,1
145,nhZ1HGWD8lMErdn3FuWuTQ,Monday-19:00,1
146,nhZ1HGWD8lMErdn3FuWuTQ,Monday-2:00,1
147,nhZ1HGWD8lMErdn3FuWuTQ,Monday-21:00,1
148,nhZ1HGWD8lMErdn3FuWuTQ,Monday-20:00,3
149,nhZ1HGWD8lMErdn3FuWuTQ,Tuesday-17:00,1
150,nhZ1HGWD8lMErdn3FuWuTQ,Tuesday-1:00,1
151,nhZ1HGWD8lMErdn3FuWuTQ,Tuesday-23:00,3
152,nhZ1HGWD8lMErdn3FuWuTQ,Tuesday-22:00,3
153,vDoXZGE7p6xAkKQ0XQPvoA,Thursday-15:00,1
154,vDoXZGE7p6xAkKQ0XQPvoA,Saturday-23:00,1
155,8bY6M2yiWOF2ilfmGS34Fw,Saturday-11:00,1
156,8bY6M2yiWOF2ilfmGS34Fw,Thursday-14:00,1
157,8bY6M2yiWOF2ilfmGS34Fw,Friday-13:00,1
158,zNVot5_XHsxwfKdiFjk_aA,Wednesday-11:00,1
159,zNVot5_XHsxwfKdiFjk_aA,Wednesday-23:00,1
160,zNVot5_XHsxwfKdiFjk_aA,Sunday-18:00,1
161,zNVot5_XHsxwfKdiFjk_aA,Sunday-15:00,1
162,zNVot5_XHsxwfKdiFjk_aA,Sunday-20:00,1
163,zNVot5_XHsxwfKdiFjk_aA,Sunday-1:00,1
164,zNVot5_XHsxwfKdiFjk_aA,Thursday-21:00,1
165,zNVot5_XHsxwfKdiFjk_aA,Thursday-20:00,2
166,zNVot5_XHsxwfKdiFjk_aA,Thursday-16:00,1
167,zNVot5_XHsxwfKdiFjk_aA,Friday-13:00,1
168,zNVot5_XHsxwfKdiFjk_aA,Friday-12:00,1
169,zNVot5_XHsxwfKdiFjk_aA,Friday-18:00,1
170,zNVot5_XHsxwfKdiFjk_aA,Friday-20:00,1
171,zNVot5_XHsxwfKdiFjk_aA,Friday-1:00,1
172,zNVot5_XHsxwfKdiFjk_aA,Saturday-21:00,1
173,zNVot5_XHsxwfKdiFjk_aA,Saturday-20:00,2
174,zNVot5_XHsxwfKdiFjk_aA,Saturday-22:00,1
175,zNVot5_XHsxwfKdiFjk_aA,Saturday-17:00,1
176,zNVot5_XHsxwfKdiFjk_aA,Saturday-0:00,1
177,zNVot5_XHsxwfKdiFjk_aA,Tuesday-12:00,1
178,zNVot5_XHsxwfKdiFjk_aA,Tuesday-1:00,1
179,zNVot5_XHsxwfKdiFjk_aA,Monday-0:00,1
180,BH0K6SxPnY3wTRB7tA27hQ,Thursday-22:00,1
181,BH0K6SxPnY3wTRB7tA27hQ,Thursday-23:00,1
182,BH0K6SxPnY3wTRB7tA27hQ,Thursday-19:00,2
183,BH0K6SxPnY3wTRB7tA27hQ,Thursday-17:00,1
184,BH0K6SxPnY3wTRB7tA27hQ,Wednesday-17:00,1
185,BH0K6SxPnY3wTRB7tA27hQ,Wednesday-0:00,1
186,BH0K6SxPnY3wTRB7tA27hQ,Wednesday-23:00,2
187,BH0K6SxPnY3wTRB7tA27hQ,Friday-17:00,2
188,BH0K6SxPnY3wTRB7tA27hQ,Friday-22:00,2
189,BH0K6SxPnY3wTRB7tA27hQ,Friday-23:00,1
190,BH0K6SxPnY3wTRB7tA27hQ,Friday-0:00,1
191,BH0K6SxPnY3wTRB7tA27hQ,Saturday-23:00,3
192,BH0K6SxPnY3wTRB7tA27hQ,Saturday-22:00,1
193,BH0K6SxPnY3wTRB7tA27hQ,Saturday-18:00,3
194,BH0K6SxPnY3wTRB7tA27hQ,Saturday-15:00,1
195,BH0K6SxPnY3wTRB7tA27hQ,Saturday-17:00,1
196,BH0K6SxPnY3wTRB7tA27hQ,Saturday-2:00,1
197,BH0K6SxPnY3wTRB7tA27hQ,Tuesday-18:00,1
198,BH0K6SxPnY3wTRB7tA27hQ,Tuesday-17:00,1
199,BH0K6SxPnY3wTRB7tA27hQ,Tuesday-1:00,2
200,BH0K6SxPnY3wTRB7tA27hQ,Tuesday-22:00,1
201,BH0K6SxPnY3wTRB7tA27hQ,Tuesday-23:00,2
202,BH0K6SxPnY3wTRB7tA27hQ,Sunday-19:00,1
203,BH0K6SxPnY3wTRB7tA27hQ,Sunday-23:00,1
204,BH0K6SxPnY3wTRB7tA27hQ,Sunday-22:00,2
205,BH0K6SxPnY3wTRB7tA27hQ,Sunday-0:00,1
206,BH0K6SxPnY3wTRB7tA27hQ,Sunday-1:00,2
207,dPxL6P_Gp74CqSPuL59Srg,Wednesday-14:00,2
208,dPxL6P_Gp74CqSPuL59Srg,Wednesday-16:00,1
209,dPxL6P_Gp74CqSPuL59Srg,Wednesday-2:00,1
210,dPxL6P_Gp74CqSPuL59Srg,Wednesday-0:00,1
211,dPxL6P_Gp74CqSPuL59Srg,Sunday-16:00,8
212,dPxL6P_Gp74CqSPuL59Srg,Sunday-14:00,3
213,dPxL6P_Gp74CqSPuL59Srg,Sunday-15:00,3
214,dPxL6P_Gp74CqSPuL59Srg,Sunday-13:00,1
215,dPxL6P_Gp74CqSPuL59Srg,Sunday-18:00,2
216,dPxL6P_Gp74CqSPuL59Srg,Sunday-23:00,1
217,dPxL6P_Gp74CqSPuL59Srg,Sunday-21:00,1
218,dPxL6P_Gp74CqSPuL59Srg,Sunday-17:00,2
219,dPxL6P_Gp74CqSPuL59Srg,Friday-16:00,1
220,dPxL6P_Gp74CqSPuL59Srg,Friday-13:00,1
221,dPxL6P_Gp74CqSPuL59Srg,Friday-11:00,2
222,dPxL6P_Gp74CqSPuL59Srg,Friday-23:00,2
223,dPxL6P_Gp74CqSPuL59Srg,Thursday-22:00,1
224,dPxL6P_Gp74CqSPuL59Srg,Thursday-18:00,2
225,dPxL6P_Gp74CqSPuL59Srg,Thursday-17:00,1
226,dPxL6P_Gp74CqSPuL59Srg,Thursday-15:00,1
227,dPxL6P_Gp74CqSPuL59Srg,Thursday-14:00,1
228,dPxL6P_Gp74CqSPuL59Srg,Thursday-13:00,1
229,dPxL6P_Gp74CqSPuL59Srg,Saturday-20:00,1
230,dPxL6P_Gp74CqSPuL59Srg,Saturday-19:00,1
231,dPxL6P_Gp74CqSPuL59Srg,Saturday-12:00,1
232,dPxL6P_Gp74CqSPuL59Srg,Saturday-14:00,1
233,dPxL6P_Gp74CqSPuL59Srg,Saturday-15:00,2
234,dPxL6P_Gp74CqSPuL59Srg,Saturday-16:00,3
235,dPxL6P_Gp74CqSPuL59Srg,Monday-10:00,1
236,dPxL6P_Gp74CqSPuL59Srg,Monday-23:00,1
237,dPxL6P_Gp74CqSPuL59Srg,Tuesday-14:00,1
238,dPxL6P_Gp74CqSPuL59Srg,Tuesday-15:00,1
239,dPxL6P_Gp74CqSPuL59Srg,Tuesday-0:00,2
240,dPxL6P_Gp74CqSPuL59Srg,Tuesday-23:00,1
241,dPxL6P_Gp74CqSPuL59Srg,Tuesday-22:00,1
242,aZbbt_RPKV8vUY7GWiEEyw,Thursday-18:00,1
243,Fu-egVPTQZ3lNYM0PhpQiQ,Thursday-14:00,1
244,Fu-egVPTQZ3lNYM0PhpQiQ,Monday-17:00,1
245,Fu-egVPTQZ3lNYM0PhpQiQ,Wednesday-17:00,1
246,Fu-egVPTQZ3lNYM0PhpQiQ,Friday-21:00,1
247,Fu-egVPTQZ3lNYM0PhpQiQ,Saturday-15:00,1
248,Fu-egVPTQZ3lNYM0PhpQiQ,Saturday-20:00,2
249,Fu-egVPTQZ3lNYM0PhpQiQ,Saturday-22:00,1
250,HRIUU2Z4EsZBo59P0I2ZYA,Tuesday-23:00,1
251,HRIUU2Z4EsZBo59P0I2ZYA,Tuesday-0:00,1
252,HRIUU2Z4EsZBo59P0I2ZYA,Tuesday-1:00,1
253,HRIUU2Z4EsZBo59P0I2ZYA,Wednesday-23:00,2
254,HRIUU2Z4EsZBo59P0I2ZYA,Wednesday-2:00,1
255,HRIUU2Z4EsZBo59P0I2ZYA,Saturday-19:00,1
256,HRIUU2Z4EsZBo59P0I2ZYA,Saturday-23:00,1
257,HRIUU2Z4EsZBo59P0I2ZYA,Saturday-16:00,1
258,HRIUU2Z4EsZBo59P0I2ZYA,Saturday-1:00,1
259,HRIUU2Z4EsZBo59P0I2ZYA,Monday-23:00,2
260,HRIUU2Z4EsZBo59P0I2ZYA,Monday-1:00,1
261,HRIUU2Z4EsZBo59P0I2ZYA,Sunday-20:00,1
262,HRIUU2Z4EsZBo59P0I2ZYA,Sunday-1:00,1
263,HRIUU2Z4EsZBo59P0I2ZYA,Sunday-3:00,1
264,HRIUU2Z4EsZBo59P0I2ZYA,Sunday-22:00,1
265,HRIUU2Z4EsZBo59P0I2ZYA,Friday-0:00,1
266,Y6L37i6rkqDzMesTN5UI2Q,Thursday-22:00,2
267,Y6L37i6rkqDzMesTN5UI2Q,Thursday-1:00,2
268,Y6L37i6rkqDzMesTN5UI2Q,Thursday-0:00,1
269,Y6L37i6rkqDzMesTN5UI2Q,Thursday-23:00,4
270,Y6L37i6rkqDzMesTN5UI2Q,Thursday-20:00,2
271,Y6L37i6rkqDzMesTN5UI2Q,Thursday-21:00,3
272,Y6L37i6rkqDzMesTN5UI2Q,Thursday-17:00,2
273,Y6L37i6rkqDzMesTN5UI2Q,Thursday-19:00,2
274,Y6L37i6rkqDzMesTN5UI2Q,Sunday-18:00,1
275,Y6L37i6rkqDzMesTN5UI2Q,Sunday-19:00,1
276,Y6L37i6rkqDzMesTN5UI2Q,Sunday-23:00,1
277,Y6L37i6rkqDzMesTN5UI2Q,Sunday-22:00,1
278,Y6L37i6rkqDzMesTN5UI2Q,Sunday-21:00,1
279,Y6L37i6rkqDzMesTN5UI2Q,Sunday-20:00,3
280,Y6L37i6rkqDzMesTN5UI2Q,Wednesday-17:00,1
281,Y6L37i6rkqDzMesTN5UI2Q,Wednesday-19:00,1
282,Y6L37i6rkqDzMesTN5UI2Q,Wednesday-23:00,4
283,Y6L37i6rkqDzMesTN5UI2Q,Wednesday-0:00,3
284,Y6L37i6rkqDzMesTN5UI2Q,Wednesday-21:00,2
285,Y6L37i6rkqDzMesTN5UI2Q,Wednesday-22:00,4
286,Y6L37i6rkqDzMesTN5UI2Q,Friday-17:00,3
287,Y6L37i6rkqDzMesTN5UI2Q,Friday-18:00,1
288,Y6L37i6rkqDzMesTN5UI2Q,Friday-23:00,4
289,Y6L37i6rkqDzMesTN5UI2Q,Friday-20:00,2
290,Y6L37i6rkqDzMesTN5UI2Q,Friday-21:00,9
291,Y6L37i6rkqDzMesTN5UI2Q,Friday-1:00,1
292,Y6L37i6rkqDzMesTN5UI2Q,Friday-22:00,7
293,Y6L37i6rkqDzMesTN5UI2Q,Saturday-21:00,2
294,Y6L37i6rkqDzMesTN5UI2Q,Saturday-23:00,2
295,Y6L37i6rkqDzMesTN5UI2Q,Saturday-19:00,2
296,Y6L37i6rkqDzMesTN5UI2Q,Saturday-17:00,1
297,Y6L37i6rkqDzMesTN5UI2Q,Tuesday-19:00,1
298,Y6L37i6rkqDzMesTN5UI2Q,Tuesday-0:00,2
299,Y6L37i6rkqDzMesTN5UI2Q,Tuesday-23:00,3
300,Y6L37i6rkqDzMesTN5UI2Q,Tuesday-21:00,2
301,Y6L37i6rkqDzMesTN5UI2Q,Tuesday-20:00,1
302,Y6L37i6rkqDzMesTN5UI2Q,Tuesday-22:00,4
303,Y6L37i6rkqDzMesTN5UI2Q,Monday-23:00,1
304,Y6L37i6rkqDzMesTN5UI2Q,Monday-22:00,1
305,Y6L37i6rkqDzMesTN5UI2Q,Monday-21:00,6
306,Y6L37i6rkqDzMesTN5UI2Q,Monday-17:00,2
307,WllBAxQd6w3EZHYNOKRoMw,Thursday-15:00,1
308,WllBAxQd6w3EZHYNOKRoMw,Monday-20:00,1
309,SNtC3y4G5UzNnQ_zYxW7dQ,Saturday-18:00,1
310,SNtC3y4G5UzNnQ_zYxW7dQ,Saturday-4:00,1
311,SNtC3y4G5UzNnQ_zYxW7dQ,Saturday-23:00,1
312,SNtC3y4G5UzNnQ_zYxW7dQ,Wednesday-23:00,1
313,SNtC3y4G5UzNnQ_zYxW7dQ,Wednesday-1:00,2
314,SNtC3y4G5UzNnQ_zYxW7dQ,Sunday-19:00,1
315,SNtC3y4G5UzNnQ_zYxW7dQ,Monday-18:00,1
316,SNtC3y4G5UzNnQ_zYxW7dQ,Monday-21:00,1
317,SNtC3y4G5UzNnQ_zYxW7dQ,Tuesday-0:00,1
318,SNtC3y4G5UzNnQ_zYxW7dQ,Tuesday-1:00,1
319,SNtC3y4G5UzNnQ_zYxW7dQ,Thursday-2:00,1
320,FQM4pVt1jeZcBGLIsXhXNA,Thursday-22:00,1
321,FQM4pVt1jeZcBGLIsXhXNA,Thursday-0:00,2
322,FQM4pVt1jeZcBGLIsXhXNA,Thursday-2:00,1
323,FQM4pVt1jeZcBGLIsXhXNA,Thursday-1:00,2
324,FQM4pVt1jeZcBGLIsXhXNA,Thursday-18:00,1
325,FQM4pVt1jeZcBGLIsXhXNA,Wednesday-0:00,2
326,FQM4pVt1jeZcBGLIsXhXNA,Wednesday-22:00,3
327,FQM4pVt1jeZcBGLIsXhXNA,Wednesday-1:00,1
328,FQM4pVt1jeZcBGLIsXhXNA,Wednesday-23:00,1
329,FQM4pVt1jeZcBGLIsXhXNA,Saturday-21:00,1
330,FQM4pVt1jeZcBGLIsXhXNA,Saturday-23:00,1
331,FQM4pVt1jeZcBGLIsXhXNA,Saturday-22:00,3
332,FQM4pVt1jeZcBGLIsXhXNA,Saturday-0:00,1
333,FQM4pVt1jeZcBGLIsXhXNA,Tuesday-14:00,1
334,FQM4pVt1jeZcBGLIsXhXNA,Tuesday-0:00,1
335,FQM4pVt1jeZcBGLIsXhXNA,Tuesday-22:00,1
336,FQM4pVt1jeZcBGLIsXhXNA,Tuesday-21:00,1
337,FQM4pVt1jeZcBGLIsXhXNA,Friday-22:00,1
338,FQM4pVt1jeZcBGLIsXhXNA,Friday-23:00,1
339,FQM4pVt1jeZcBGLIsXhXNA,Friday-21:00,1
340,FQM4pVt1jeZcBGLIsXhXNA,Friday-2:00,1
341,FQM4pVt1jeZcBGLIsXhXNA,Monday-23:00,2
342,FQM4pVt1jeZcBGLIsXhXNA,Monday-22:00,1
343,FQM4pVt1jeZcBGLIsXhXNA,Monday-21:00,1
344,FQM4pVt1jeZcBGLIsXhXNA,Sunday-0:00,1
345,FQM4pVt1jeZcBGLIsXhXNA,Sunday-1:00,2
346,FQM4pVt1jeZcBGLIsXhXNA,Sunday-2:00,1
347,FQM4pVt1jeZcBGLIsXhXNA,Sunday-3:00,1
348,z3yMZ628sZP5yfWAnaA04Q,Saturday-19:00,1
349,z3yMZ628sZP5yfWAnaA04Q,Monday-11:00,1
350,z3yMZ628sZP5yfWAnaA04Q,Wednesday-21:00,1
351,z3yMZ628sZP5yfWAnaA04Q,Tuesday-22:00,1
352,0WsCtzG8xazAmFA5HhQE0A,Friday-21:00,1
353,0WsCtzG8xazAmFA5HhQE0A,Monday-15:00,1
354,0WsCtzG8xazAmFA5HhQE0A,Monday-22:00,1
355,0WsCtzG8xazAmFA5HhQE0A,Thursday-0:00,1
356,0WsCtzG8xazAmFA5HhQE0A,Sunday-0:00,2
357,0WsCtzG8xazAmFA5HhQE0A,Sunday-1:00,1
358,0WsCtzG8xazAmFA5HhQE0A,Sunday-23:00,1
359,0WsCtzG8xazAmFA5HhQE0A,Sunday-20:00,1
360,0WsCtzG8xazAmFA5HhQE0A,Tuesday-22:00,1
361,0WsCtzG8xazAmFA5HhQE0A,Saturday-21:00,1
362,0WsCtzG8xazAmFA5HhQE0A,Saturday-23:00,3
363,0WsCtzG8xazAmFA5HhQE0A,Saturday-1:00,1
364,yEWrdUczj1_9KTUJEVfIIg,Sunday-16:00,1
365,yEWrdUczj1_9KTUJEVfIIg,Tuesday-0:00,1
366,yEWrdUczj1_9KTUJEVfIIg,Saturday-19:00,4
367,yEWrdUczj1_9KTUJEVfIIg,Saturday-20:00,2
368,yEWrdUczj1_9KTUJEVfIIg,Saturday-0:00,1
369,yEWrdUczj1_9KTUJEVfIIg,Saturday-22:00,1
370,yEWrdUczj1_9KTUJEVfIIg,Friday-2:00,1
371,RGeEUbXNFPqozawExgvy_g,Friday-21:00,1
372,RGeEUbXNFPqozawExgvy_g,Friday-17:00,1
373,RGeEUbXNFPqozawExgvy_g,Tuesday-19:00,1
374,RGeEUbXNFPqozawExgvy_g,Thursday-19:00,1
375,RGeEUbXNFPqozawExgvy_g,Wednesday-17:00,1
376,RGeEUbXNFPqozawExgvy_g,Monday-19:00,1
377,RGeEUbXNFPqozawExgvy_g,Saturday-14:00,1
378,RGeEUbXNFPqozawExgvy_g,Saturday-20:00,1
379,JN6287XepTV2wOiwnq5joA,Tuesday-21:00,1
380,JN6287XepTV2wOiwnq5joA,Saturday-23:00,1
381,JN6287XepTV2wOiwnq5joA,Wednesday-0:00,1
382,vl02XdFVoXC-s_Y4WVvL-g,Monday-12:00,1
383,vl02XdFVoXC-s_Y4WVvL-g,Tuesday-13:00,1
384,vl02XdFVoXC-s_Y4WVvL-g,Friday-22:00,1
385,vl02XdFVoXC-s_Y4WVvL-g,Saturday-21:00,1
386,zek4x_a6Io6mU67bc4ahXA,Tuesday-22:00,3
387,zek4x_a6Io6mU67bc4ahXA,Tuesday-17:00,3
388,zek4x_a6Io6mU67bc4ahXA,Tuesday-0:00,2
389,zek4x_a6Io6mU67bc4ahXA,Tuesday-1:00,3
390,zek4x_a6Io6mU67bc4ahXA,Tuesday-2:00,1
391,zek4x_a6Io6mU67bc4ahXA,Tuesday-18:00,1
392,zek4x_a6Io6mU67bc4ahXA,Tuesday-23:00,1
393,zek4x_a6Io6mU67bc4ahXA,Tuesday-20:00,2
394,zek4x_a6Io6mU67bc4ahXA,Thursday-22:00,1
395,zek4x_a6Io6mU67bc4ahXA,Thursday-1:00,2
396,zek4x_a6Io6mU67bc4ahXA,Thursday-5:00,1
397,zek4x_a6Io6mU67bc4ahXA,Thursday-2:00,1
398,zek4x_a6Io6mU67bc4ahXA,Thursday-0:00,1
399,zek4x_a6Io6mU67bc4ahXA,Thursday-20:00,1
400,zek4x_a6Io6mU67bc4ahXA,Thursday-21:00,3
401,zek4x_a6Io6mU67bc4ahXA,Thursday-19:00,1
402,zek4x_a6Io6mU67bc4ahXA,Thursday-17:00,1
403,zek4x_a6Io6mU67bc4ahXA,Thursday-16:00,1
404,zek4x_a6Io6mU67bc4ahXA,Thursday-23:00,2
405,zek4x_a6Io6mU67bc4ahXA,Friday-19:00,1
406,zek4x_a6Io6mU67bc4ahXA,Friday-13:00,1
407,zek4x_a6Io6mU67bc4ahXA,Friday-22:00,2
408,zek4x_a6Io6mU67bc4ahXA,Friday-20:00,1
409,zek4x_a6Io6mU67bc4ahXA,Friday-18:00,3
410,zek4x_a6Io6mU67bc4ahXA,Friday-4:00,1
411,zek4x_a6Io6mU67bc4ahXA,Friday-1:00,1
412,zek4x_a6Io6mU67bc4ahXA,Friday-0:00,1
413,zek4x_a6Io6mU67bc4ahXA,Friday-23:00,1
414,zek4x_a6Io6mU67bc4ahXA,Friday-17:00,1
415,zek4x_a6Io6mU67bc4ahXA,Wednesday-17:00,1
416,zek4x_a6Io6mU67bc4ahXA,Wednesday-6:00,1
417,zek4x_a6Io6mU67bc4ahXA,Wednesday-5:00,1
418,zek4x_a6Io6mU67bc4ahXA,Wednesday-2:00,2
419,zek4x_a6Io6mU67bc4ahXA,Wednesday-0:00,3
420,zek4x_a6Io6mU67bc4ahXA,Wednesday-21:00,1
421,zek4x_a6Io6mU67bc4ahXA,Wednesday-23:00,3
422,zek4x_a6Io6mU67bc4ahXA,Wednesday-18:00,1
423,zek4x_a6Io6mU67bc4ahXA,Wednesday-20:00,1
424,zek4x_a6Io6mU67bc4ahXA,Wednesday-22:00,4
425,zek4x_a6Io6mU67bc4ahXA,Sunday-16:00,2
426,zek4x_a6Io6mU67bc4ahXA,Sunday-17:00,4
427,zek4x_a6Io6mU67bc4ahXA,Sunday-19:00,1
428,zek4x_a6Io6mU67bc4ahXA,Sunday-22:00,4
429,zek4x_a6Io6mU67bc4ahXA,Sunday-21:00,2
430,zek4x_a6Io6mU67bc4ahXA,Sunday-20:00,1
431,zek4x_a6Io6mU67bc4ahXA,Sunday-4:00,1
432,zek4x_a6Io6mU67bc4ahXA,Sunday-5:00,1
433,zek4x_a6Io6mU67bc4ahXA,Sunday-0:00,1
434,zek4x_a6Io6mU67bc4ahXA,Sunday-1:00,1
435,zek4x_a6Io6mU67bc4ahXA,Sunday-2:00,1
436,zek4x_a6Io6mU67bc4ahXA,Sunday-3:00,1
437,zek4x_a6Io6mU67bc4ahXA,Saturday-21:00,3
438,zek4x_a6Io6mU67bc4ahXA,Saturday-20:00,4
439,zek4x_a6Io6mU67bc4ahXA,Saturday-23:00,1
440,zek4x_a6Io6mU67bc4ahXA,Saturday-22:00,5
441,zek4x_a6Io6mU67bc4ahXA,Saturday-15:00,1
442,zek4x_a6Io6mU67bc4ahXA,Saturday-18:00,2
443,zek4x_a6Io6mU67bc4ahXA,Saturday-16:00,1
444,zek4x_a6Io6mU67bc4ahXA,Saturday-17:00,1
445,zek4x_a6Io6mU67bc4ahXA,Saturday-19:00,3
446,zek4x_a6Io6mU67bc4ahXA,Saturday-4:00,1
447,zek4x_a6Io6mU67bc4ahXA,Saturday-2:00,3
448,zek4x_a6Io6mU67bc4ahXA,Saturday-3:00,3
449,zek4x_a6Io6mU67bc4ahXA,Monday-13:00,1
450,zek4x_a6Io6mU67bc4ahXA,Monday-10:00,1
451,zek4x_a6Io6mU67bc4ahXA,Monday-11:00,1
452,zek4x_a6Io6mU67bc4ahXA,Monday-9:00,1
453,zek4x_a6Io6mU67bc4ahXA,Monday-0:00,2
454,zek4x_a6Io6mU67bc4ahXA,Monday-1:00,3
455,zek4x_a6Io6mU67bc4ahXA,Monday-3:00,1
456,zek4x_a6Io6mU67bc4ahXA,Monday-5:00,1
457,zek4x_a6Io6mU67bc4ahXA,Monday-21:00,2
458,zek4x_a6Io6mU67bc4ahXA,Monday-22:00,3
459,IKCxhUxfDPOQw9GjT3akHA,Sunday-21:00,1
460,IKCxhUxfDPOQw9GjT3akHA,Sunday-0:00,2
461,IKCxhUxfDPOQw9GjT3akHA,Sunday-1:00,1
462,IKCxhUxfDPOQw9GjT3akHA,Sunday-23:00,1
463,IKCxhUxfDPOQw9GjT3akHA,Thursday-1:00,1
464,IKCxhUxfDPOQw9GjT3akHA,Thursday-0:00,3
465,IKCxhUxfDPOQw9GjT3akHA,Friday-19:00,1
466,IKCxhUxfDPOQw9GjT3akHA,Friday-18:00,1
467,IKCxhUxfDPOQw9GjT3akHA,Friday-23:00,2
468,IKCxhUxfDPOQw9GjT3akHA,Tuesday-15:00,1
469,IKCxhUxfDPOQw9GjT3akHA,Tuesday-4:00,1
470,IKCxhUxfDPOQw9GjT3akHA,Wednesday-2:00,1
471,IKCxhUxfDPOQw9GjT3akHA,Wednesday-0:00,3
472,IKCxhUxfDPOQw9GjT3akHA,Saturday-23:00,1
473,IKCxhUxfDPOQw9GjT3akHA,Saturday-4:00,1
474,IKCxhUxfDPOQw9GjT3akHA,Saturday-22:00,1
475,IKCxhUxfDPOQw9GjT3akHA,Saturday-0:00,1
476,IKCxhUxfDPOQw9GjT3akHA,Saturday-1:00,1
477,i4y0CrKYLh_Qiv6JGyABJw,Saturday-18:00,2
478,i4y0CrKYLh_Qiv6JGyABJw,Saturday-19:00,1
479,i4y0CrKYLh_Qiv6JGyABJw,Saturday-0:00,1
480,i4y0CrKYLh_Qiv6JGyABJw,Saturday-15:00,2
481,i4y0CrKYLh_Qiv6JGyABJw,Saturday-16:00,1
482,i4y0CrKYLh_Qiv6JGyABJw,Saturday-17:00,2
483,i4y0CrKYLh_Qiv6JGyABJw,Friday-21:00,1
484,i4y0CrKYLh_Qiv6JGyABJw,Friday-23:00,2
485,i4y0CrKYLh_Qiv6JGyABJw,Tuesday-23:00,1
486,i4y0CrKYLh_Qiv6JGyABJw,Tuesday-22:00,2
487,i4y0CrKYLh_Qiv6JGyABJw,Tuesday-14:00,1
488,i4y0CrKYLh_Qiv6JGyABJw,Tuesday-0:00,5
489,i4y0CrKYLh_Qiv6JGyABJw,Tuesday-1:00,1
490,i4y0CrKYLh_Qiv6JGyABJw,Sunday-16:00,1
491,i4y0CrKYLh_Qiv6JGyABJw,Wednesday-19:00,2
492,i4y0CrKYLh_Qiv6JGyABJw,Monday-20:00,1
493,i4y0CrKYLh_Qiv6JGyABJw,Monday-23:00,4
494,i4y0CrKYLh_Qiv6JGyABJw,Monday-22:00,1
495,i4y0CrKYLh_Qiv6JGyABJw,Thursday-23:00,1
496,0dcNFXs5yMj1n2RtkgIoHg,Tuesday-22:00,1
497,0dcNFXs5yMj1n2RtkgIoHg,Tuesday-0:00,2
498,0dcNFXs5yMj1n2RtkgIoHg,Tuesday-1:00,3
499,0dcNFXs5yMj1n2RtkgIoHg,Tuesday-21:00,1
500,0dcNFXs5yMj1n2RtkgIoHg,Wednesday-21:00,1
501,0dcNFXs5yMj1n2RtkgIoHg,Wednesday-23:00,3
502,0dcNFXs5yMj1n2RtkgIoHg,Wednesday-17:00,1
503,0dcNFXs5yMj1n2RtkgIoHg,Monday-23:00,2
504,0dcNFXs5yMj1n2RtkgIoHg,Monday-22:00,3
505,0dcNFXs5yMj1n2RtkgIoHg,Monday-18:00,1
506,0dcNFXs5yMj1n2RtkgIoHg,Monday-21:00,3
507,0dcNFXs5yMj1n2RtkgIoHg,Sunday-19:00,1
508,0dcNFXs5yMj1n2RtkgIoHg,Saturday-19:00,1
509,0dcNFXs5yMj1n2RtkgIoHg,Saturday-6:00,1
510,0dcNFXs5yMj1n2RtkgIoHg,Saturday-17:00,1
511,0dcNFXs5yMj1n2RtkgIoHg,Saturday-16:00,1
512,0dcNFXs5yMj1n2RtkgIoHg,Saturday-1:00,1
513,0dcNFXs5yMj1n2RtkgIoHg,Friday-2:00,1
514,0dcNFXs5yMj1n2RtkgIoHg,Thursday-1:00,1
515,bANAMVwSMR-UAA54WdRsIA,Wednesday-23:00,1
516,bANAMVwSMR-UAA54WdRsIA,Thursday-20:00,1
517,bANAMVwSMR-UAA54WdRsIA,Friday-21:00,1
518,bANAMVwSMR-UAA54WdRsIA,Friday-16:00,1
519,bANAMVwSMR-UAA54WdRsIA,Saturday-18:00,2
520,bANAMVwSMR-UAA54WdRsIA,Saturday-15:00,1
521,bANAMVwSMR-UAA54WdRsIA,Saturday-17:00,1
522,bANAMVwSMR-UAA54WdRsIA,Tuesday-20:00,1
523,4zOyZff4-FemUqRW3GXuCA,Thursday-23:00,1
524,4zOyZff4-FemUqRW3GXuCA,Thursday-0:00,1
525,4zOyZff4-FemUqRW3GXuCA,Wednesday-23:00,1
526,4zOyZff4-FemUqRW3GXuCA,Monday-15:00,1
527,4zOyZff4-FemUqRW3GXuCA,Monday-21:00,1
528,4zOyZff4-FemUqRW3GXuCA,Monday-5:00,1
529,4zOyZff4-FemUqRW3GXuCA,Sunday-4:00,1
530,4zOyZff4-FemUqRW3GXuCA,Friday-18:00,1
531,4zOyZff4-FemUqRW3GXuCA,Friday-2:00,1
532,4zOyZff4-FemUqRW3GXuCA,Tuesday-17:00,1
533,4zOyZff4-FemUqRW3GXuCA,Saturday-2:00,1
534,4zOyZff4-FemUqRW3GXuCA,Saturday-16:00,1
535,RNkVt3T_3DQjXbXTM2DIjg,Thursday-22:00,2
536,RNkVt3T_3DQjXbXTM2DIjg,Thursday-0:00,2
537,RNkVt3T_3DQjXbXTM2DIjg,Thursday-23:00,2
538,RNkVt3T_3DQjXbXTM2DIjg,Thursday-20:00,1
539,RNkVt3T_3DQjXbXTM2DIjg,Thursday-17:00,1
540,RNkVt3T_3DQjXbXTM2DIjg,Thursday-1:00,1
541,RNkVt3T_3DQjXbXTM2DIjg,Wednesday-15:00,1
542,RNkVt3T_3DQjXbXTM2DIjg,Wednesday-17:00,1
543,RNkVt3T_3DQjXbXTM2DIjg,Wednesday-0:00,3
544,RNkVt3T_3DQjXbXTM2DIjg,Wednesday-22:00,1
545,RNkVt3T_3DQjXbXTM2DIjg,Wednesday-23:00,1
546,RNkVt3T_3DQjXbXTM2DIjg,Sunday-18:00,1
547,RNkVt3T_3DQjXbXTM2DIjg,Sunday-16:00,1
548,RNkVt3T_3DQjXbXTM2DIjg,Sunday-17:00,1
549,RNkVt3T_3DQjXbXTM2DIjg,Sunday-19:00,2
550,RNkVt3T_3DQjXbXTM2DIjg,Sunday-6:00,1
551,RNkVt3T_3DQjXbXTM2DIjg,Sunday-0:00,2
552,RNkVt3T_3DQjXbXTM2DIjg,Sunday-1:00,1
553,RNkVt3T_3DQjXbXTM2DIjg,Saturday-21:00,2
554,RNkVt3T_3DQjXbXTM2DIjg,Saturday-18:00,3
555,RNkVt3T_3DQjXbXTM2DIjg,Saturday-19:00,3
556,RNkVt3T_3DQjXbXTM2DIjg,Saturday-17:00,1
557,RNkVt3T_3DQjXbXTM2DIjg,Saturday-0:00,1
558,RNkVt3T_3DQjXbXTM2DIjg,Saturday-1:00,1
559,RNkVt3T_3DQjXbXTM2DIjg,Monday-18:00,1
560,RNkVt3T_3DQjXbXTM2DIjg,Monday-19:00,2
561,RNkVt3T_3DQjXbXTM2DIjg,Monday-23:00,2
562,RNkVt3T_3DQjXbXTM2DIjg,Monday-22:00,2
563,RNkVt3T_3DQjXbXTM2DIjg,Monday-21:00,1
564,RNkVt3T_3DQjXbXTM2DIjg,Friday-22:00,2
565,RNkVt3T_3DQjXbXTM2DIjg,Friday-23:00,2
566,RNkVt3T_3DQjXbXTM2DIjg,Friday-21:00,1
567,RNkVt3T_3DQjXbXTM2DIjg,Friday-1:00,1
568,RNkVt3T_3DQjXbXTM2DIjg,Friday-18:00,1
569,RNkVt3T_3DQjXbXTM2DIjg,Tuesday-21:00,1
570,RNkVt3T_3DQjXbXTM2DIjg,Tuesday-23:00,3
571,RNkVt3T_3DQjXbXTM2DIjg,Tuesday-22:00,2
572,5A2BcDVbWGM7JEUgSfFleA,Thursday-23:00,1
573,5A2BcDVbWGM7JEUgSfFleA,Thursday-19:00,1
574,5A2BcDVbWGM7JEUgSfFleA,Sunday-19:00,1
575,5A2BcDVbWGM7JEUgSfFleA,Sunday-0:00,1
576,5A2BcDVbWGM7JEUgSfFleA,Sunday-1:00,2
577,5A2BcDVbWGM7JEUgSfFleA,Sunday-2:00,1
578,5A2BcDVbWGM7JEUgSfFleA,Sunday-23:00,1
579,5A2BcDVbWGM7JEUgSfFleA,Friday-16:00,1
580,5A2BcDVbWGM7JEUgSfFleA,Saturday-18:00,1
581,5A2BcDVbWGM7JEUgSfFleA,Saturday-21:00,3
582,5A2BcDVbWGM7JEUgSfFleA,Saturday-20:00,1
583,5A2BcDVbWGM7JEUgSfFleA,Saturday-0:00,2
584,vkoakhm0G9kMEhQzjFo86w,Friday-22:00,1
585,vkoakhm0G9kMEhQzjFo86w,Friday-19:00,1
586,vkoakhm0G9kMEhQzjFo86w,Thursday-18:00,1
587,vkoakhm0G9kMEhQzjFo86w,Thursday-17:00,1
588,vkoakhm0G9kMEhQzjFo86w,Monday-15:00,1
589,vkoakhm0G9kMEhQzjFo86w,Saturday-16:00,1
590,vkoakhm0G9kMEhQzjFo86w,Saturday-17:00,1
591,KH6AnamatNNCKszLpopjOg,Thursday-22:00,2
592,KH6AnamatNNCKszLpopjOg,Thursday-21:00,2
593,KH6AnamatNNCKszLpopjOg,Thursday-0:00,1
594,KH6AnamatNNCKszLpopjOg,Thursday-19:00,1
595,KH6AnamatNNCKszLpopjOg,Friday-19:00,2
596,KH6AnamatNNCKszLpopjOg,Friday-22:00,4
597,KH6AnamatNNCKszLpopjOg,Friday-20:00,2
598,KH6AnamatNNCKszLpopjOg,Friday-21:00,1
599,KH6AnamatNNCKszLpopjOg,Sunday-16:00,1
600,KH6AnamatNNCKszLpopjOg,Sunday-17:00,1
601,KH6AnamatNNCKszLpopjOg,Sunday-23:00,1
602,KH6AnamatNNCKszLpopjOg,Sunday-22:00,1
603,KH6AnamatNNCKszLpopjOg,Sunday-21:00,2
604,KH6AnamatNNCKszLpopjOg,Wednesday-23:00,1
605,KH6AnamatNNCKszLpopjOg,Wednesday-22:00,3
606,KH6AnamatNNCKszLpopjOg,Saturday-21:00,4
607,KH6AnamatNNCKszLpopjOg,Saturday-20:00,4
608,KH6AnamatNNCKszLpopjOg,Saturday-22:00,2
609,KH6AnamatNNCKszLpopjOg,Saturday-18:00,2
610,KH6AnamatNNCKszLpopjOg,Saturday-19:00,2
611,KH6AnamatNNCKszLpopjOg,Saturday-12:00,1
612,KH6AnamatNNCKszLpopjOg,Saturday-15:00,1
613,KH6AnamatNNCKszLpopjOg,Saturday-16:00,1
614,KH6AnamatNNCKszLpopjOg,Monday-18:00,1
615,KH6AnamatNNCKszLpopjOg,Monday-19:00,1
616,KH6AnamatNNCKszLpopjOg,Monday-22:00,1
617,KH6AnamatNNCKszLpopjOg,Tuesday-21:00,1
618,lgS5ld-FWeC19Gjg6n42ag,Wednesday-0:00,3
619,lgS5ld-FWeC19Gjg6n42ag,Wednesday-17:00,1
620,lgS5ld-FWeC19Gjg6n42ag,Wednesday-4:00,2
621,lgS5ld-FWeC19Gjg6n42ag,Thursday-20:00,1
622,lgS5ld-FWeC19Gjg6n42ag,Thursday-1:00,1
623,lgS5ld-FWeC19Gjg6n42ag,Thursday-0:00,3
624,lgS5ld-FWeC19Gjg6n42ag,Thursday-23:00,1
625,lgS5ld-FWeC19Gjg6n42ag,Thursday-18:00,1
626,lgS5ld-FWeC19Gjg6n42ag,Thursday-17:00,1
627,lgS5ld-FWeC19Gjg6n42ag,Sunday-17:00,2
628,lgS5ld-FWeC19Gjg6n42ag,Sunday-23:00,1
629,lgS5ld-FWeC19Gjg6n42ag,Sunday-4:00,1
630,lgS5ld-FWeC19Gjg6n42ag,Sunday-6:00,1
631,lgS5ld-FWeC19Gjg6n42ag,Saturday-21:00,1
632,lgS5ld-FWeC19Gjg6n42ag,Saturday-20:00,1
633,lgS5ld-FWeC19Gjg6n42ag,Saturday-19:00,1
634,lgS5ld-FWeC19Gjg6n42ag,Saturday-6:00,1
635,lgS5ld-FWeC19Gjg6n42ag,Saturday-4:00,1
636,lgS5ld-FWeC19Gjg6n42ag,Saturday-0:00,1
637,lgS5ld-FWeC19Gjg6n42ag,Saturday-1:00,1
638,lgS5ld-FWeC19Gjg6n42ag,Monday-10:00,1
639,lgS5ld-FWeC19Gjg6n42ag,Monday-18:00,1
640,lgS5ld-FWeC19Gjg6n42ag,Monday-0:00,2
641,lgS5ld-FWeC19Gjg6n42ag,Monday-5:00,1
642,lgS5ld-FWeC19Gjg6n42ag,Monday-23:00,2
643,lgS5ld-FWeC19Gjg6n42ag,Tuesday-19:00,1
644,lgS5ld-FWeC19Gjg6n42ag,Tuesday-12:00,1
645,lgS5ld-FWeC19Gjg6n42ag,Tuesday-13:00,1
646,lgS5ld-FWeC19Gjg6n42ag,Tuesday-14:00,1
647,lgS5ld-FWeC19Gjg6n42ag,Tuesday-0:00,1
648,lgS5ld-FWeC19Gjg6n42ag,Tuesday-1:00,1
649,lgS5ld-FWeC19Gjg6n42ag,Tuesday-2:00,1
650,lgS5ld-FWeC19Gjg6n42ag,Tuesday-5:00,1
651,lgS5ld-FWeC19Gjg6n42ag,Tuesday-6:00,1
652,lgS5ld-FWeC19Gjg6n42ag,Tuesday-23:00,2
653,lgS5ld-FWeC19Gjg6n42ag,Tuesday-21:00,1
654,lgS5ld-FWeC19Gjg6n42ag,Tuesday-20:00,2
655,lgS5ld-FWeC19Gjg6n42ag,Tuesday-22:00,1
656,lgS5ld-FWeC19Gjg6n42ag,Friday-22:00,1
657,lgS5ld-FWeC19Gjg6n42ag,Friday-1:00,1
658,lgS5ld-FWeC19Gjg6n42ag,Friday-0:00,4
659,0Fln0xZBGfxvRd66pbZ3ag,Friday-19:00,1
660,0Fln0xZBGfxvRd66pbZ3ag,Friday-22:00,2
661,0Fln0xZBGfxvRd66pbZ3ag,Friday-23:00,3
662,0Fln0xZBGfxvRd66pbZ3ag,Friday-20:00,1
663,0Fln0xZBGfxvRd66pbZ3ag,Friday-21:00,2
664,0Fln0xZBGfxvRd66pbZ3ag,Friday-0:00,1
665,0Fln0xZBGfxvRd66pbZ3ag,Sunday-19:00,4
666,0Fln0xZBGfxvRd66pbZ3ag,Sunday-18:00,1
667,0Fln0xZBGfxvRd66pbZ3ag,Sunday-23:00,1
668,0Fln0xZBGfxvRd66pbZ3ag,Sunday-22:00,1
669,0Fln0xZBGfxvRd66pbZ3ag,Sunday-21:00,1
670,0Fln0xZBGfxvRd66pbZ3ag,Sunday-20:00,3
671,0Fln0xZBGfxvRd66pbZ3ag,Sunday-4:00,2
672,0Fln0xZBGfxvRd66pbZ3ag,Sunday-0:00,4
673,0Fln0xZBGfxvRd66pbZ3ag,Sunday-1:00,3
674,0Fln0xZBGfxvRd66pbZ3ag,Sunday-2:00,1
675,0Fln0xZBGfxvRd66pbZ3ag,Saturday-21:00,4
676,0Fln0xZBGfxvRd66pbZ3ag,Saturday-20:00,2
677,0Fln0xZBGfxvRd66pbZ3ag,Saturday-23:00,7
678,0Fln0xZBGfxvRd66pbZ3ag,Saturday-22:00,1
679,0Fln0xZBGfxvRd66pbZ3ag,Saturday-18:00,2
680,0Fln0xZBGfxvRd66pbZ3ag,Saturday-19:00,5
681,0Fln0xZBGfxvRd66pbZ3ag,Saturday-15:00,2
682,0Fln0xZBGfxvRd66pbZ3ag,Saturday-17:00,3
683,0Fln0xZBGfxvRd66pbZ3ag,Saturday-2:00,1
684,0Fln0xZBGfxvRd66pbZ3ag,Saturday-3:00,1
685,0Fln0xZBGfxvRd66pbZ3ag,Saturday-0:00,3
686,0Fln0xZBGfxvRd66pbZ3ag,Saturday-1:00,2
687,0Fln0xZBGfxvRd66pbZ3ag,Wednesday-16:00,1
688,0Fln0xZBGfxvRd66pbZ3ag,Wednesday-22:00,2
689,0Fln0xZBGfxvRd66pbZ3ag,Thursday-21:00,1
690,0Fln0xZBGfxvRd66pbZ3ag,Thursday-19:00,1
691,0Fln0xZBGfxvRd66pbZ3ag,Monday-2:00,1
692,j-BlKJySXWsURdYllarjXw,Wednesday-12:00,1
693,j-BlKJySXWsURdYllarjXw,Wednesday-13:00,3
694,j-BlKJySXWsURdYllarjXw,Wednesday-14:00,2
695,j-BlKJySXWsURdYllarjXw,Wednesday-16:00,2
696,j-BlKJySXWsURdYllarjXw,Wednesday-19:00,1
697,j-BlKJySXWsURdYllarjXw,Monday-21:00,1
698,j-BlKJySXWsURdYllarjXw,Saturday-19:00,1
699,N6VRRM1XZ6c92WBhWWu1XQ,Tuesday-19:00,1
700,N6VRRM1XZ6c92WBhWWu1XQ,Tuesday-2:00,2
701,N6VRRM1XZ6c92WBhWWu1XQ,Friday-1:00,1
702,N6VRRM1XZ6c92WBhWWu1XQ,Wednesday-23:00,1
703,N6VRRM1XZ6c92WBhWWu1XQ,Monday-23:00,1
704,N6VRRM1XZ6c92WBhWWu1XQ,Monday-20:00,1
705,N6VRRM1XZ6c92WBhWWu1XQ,Monday-1:00,1
706,N6VRRM1XZ6c92WBhWWu1XQ,Sunday-12:00,1
707,N6VRRM1XZ6c92WBhWWu1XQ,Sunday-0:00,1
708,N6VRRM1XZ6c92WBhWWu1XQ,Thursday-11:00,1
709,N6VRRM1XZ6c92WBhWWu1XQ,Thursday-4:00,1
710,N6VRRM1XZ6c92WBhWWu1XQ,Thursday-2:00,1
711,N6VRRM1XZ6c92WBhWWu1XQ,Thursday-1:00,1
712,N6VRRM1XZ6c92WBhWWu1XQ,Saturday-4:00,1
713,N6VRRM1XZ6c92WBhWWu1XQ,Saturday-14:00,1
714,N6VRRM1XZ6c92WBhWWu1XQ,Saturday-23:00,1
715,P2zXpZN7UTDDM9_Q7Bs8Jg,Wednesday-14:00,1
716,P2zXpZN7UTDDM9_Q7Bs8Jg,Wednesday-16:00,1
717,P2zXpZN7UTDDM9_Q7Bs8Jg,Wednesday-17:00,1
718,P2zXpZN7UTDDM9_Q7Bs8Jg,Wednesday-21:00,1
719,P2zXpZN7UTDDM9_Q7Bs8Jg,Wednesday-20:00,1
720,P2zXpZN7UTDDM9_Q7Bs8Jg,Wednesday-18:00,2
721,P2zXpZN7UTDDM9_Q7Bs8Jg,Sunday-16:00,1
722,P2zXpZN7UTDDM9_Q7Bs8Jg,Sunday-14:00,1
723,P2zXpZN7UTDDM9_Q7Bs8Jg,Sunday-15:00,1
724,P2zXpZN7UTDDM9_Q7Bs8Jg,Sunday-19:00,2
725,P2zXpZN7UTDDM9_Q7Bs8Jg,Sunday-21:00,1
726,P2zXpZN7UTDDM9_Q7Bs8Jg,Sunday-18:00,2
727,P2zXpZN7UTDDM9_Q7Bs8Jg,Sunday-0:00,2
728,P2zXpZN7UTDDM9_Q7Bs8Jg,Friday-16:00,1
729,P2zXpZN7UTDDM9_Q7Bs8Jg,Friday-18:00,2
730,P2zXpZN7UTDDM9_Q7Bs8Jg,Friday-17:00,1
731,P2zXpZN7UTDDM9_Q7Bs8Jg,Friday-20:00,2
732,P2zXpZN7UTDDM9_Q7Bs8Jg,Saturday-21:00,1
733,P2zXpZN7UTDDM9_Q7Bs8Jg,Saturday-20:00,1
734,P2zXpZN7UTDDM9_Q7Bs8Jg,Saturday-22:00,2
735,P2zXpZN7UTDDM9_Q7Bs8Jg,Saturday-18:00,1
736,P2zXpZN7UTDDM9_Q7Bs8Jg,Saturday-19:00,4
737,P2zXpZN7UTDDM9_Q7Bs8Jg,Saturday-15:00,1
738,P2zXpZN7UTDDM9_Q7Bs8Jg,Saturday-17:00,2
739,P2zXpZN7UTDDM9_Q7Bs8Jg,Monday-12:00,2
740,P2zXpZN7UTDDM9_Q7Bs8Jg,Monday-13:00,1
741,P2zXpZN7UTDDM9_Q7Bs8Jg,Monday-16:00,2
742,P2zXpZN7UTDDM9_Q7Bs8Jg,Monday-17:00,3
743,P2zXpZN7UTDDM9_Q7Bs8Jg,Monday-14:00,2
744,P2zXpZN7UTDDM9_Q7Bs8Jg,Monday-18:00,1
745,P2zXpZN7UTDDM9_Q7Bs8Jg,Tuesday-16:00,2
746,P2zXpZN7UTDDM9_Q7Bs8Jg,Tuesday-17:00,2
747,P2zXpZN7UTDDM9_Q7Bs8Jg,Tuesday-21:00,1
748,P2zXpZN7UTDDM9_Q7Bs8Jg,Thursday-17:00,2
749,P2zXpZN7UTDDM9_Q7Bs8Jg,Thursday-16:00,3
750,P2zXpZN7UTDDM9_Q7Bs8Jg,Thursday-15:00,2
751,gOeU8MmVBzmaOWA191hLpg,Wednesday-12:00,1
752,gOeU8MmVBzmaOWA191hLpg,Monday-14:00,1
753,IpQG7s5l7ba5NxyzTxn7pg,Thursday-23:00,5
754,IpQG7s5l7ba5NxyzTxn7pg,Thursday-0:00,1
755,IpQG7s5l7ba5NxyzTxn7pg,Thursday-3:00,1
756,IpQG7s5l7ba5NxyzTxn7pg,Thursday-21:00,1
757,IpQG7s5l7ba5NxyzTxn7pg,Thursday-18:00,1
758,IpQG7s5l7ba5NxyzTxn7pg,Thursday-17:00,1
759,IpQG7s5l7ba5NxyzTxn7pg,Thursday-12:00,1
760,IpQG7s5l7ba5NxyzTxn7pg,Sunday-18:00,2
761,IpQG7s5l7ba5NxyzTxn7pg,Sunday-16:00,4
762,IpQG7s5l7ba5NxyzTxn7pg,Sunday-23:00,2
763,IpQG7s5l7ba5NxyzTxn7pg,Sunday-22:00,1
764,IpQG7s5l7ba5NxyzTxn7pg,Sunday-21:00,1
765,IpQG7s5l7ba5NxyzTxn7pg,Sunday-17:00,2
766,IpQG7s5l7ba5NxyzTxn7pg,Sunday-0:00,3
767,IpQG7s5l7ba5NxyzTxn7pg,Sunday-1:00,1
768,IpQG7s5l7ba5NxyzTxn7pg,Wednesday-17:00,1
769,IpQG7s5l7ba5NxyzTxn7pg,Wednesday-0:00,4
770,IpQG7s5l7ba5NxyzTxn7pg,Wednesday-1:00,1
771,IpQG7s5l7ba5NxyzTxn7pg,Wednesday-22:00,2
772,IpQG7s5l7ba5NxyzTxn7pg,Wednesday-2:00,2
773,IpQG7s5l7ba5NxyzTxn7pg,Wednesday-19:00,1
774,IpQG7s5l7ba5NxyzTxn7pg,Friday-16:00,1
775,IpQG7s5l7ba5NxyzTxn7pg,Friday-22:00,2
776,IpQG7s5l7ba5NxyzTxn7pg,Friday-21:00,1
777,IpQG7s5l7ba5NxyzTxn7pg,Friday-23:00,3
778,IpQG7s5l7ba5NxyzTxn7pg,Friday-0:00,3
779,IpQG7s5l7ba5NxyzTxn7pg,Friday-17:00,1
780,IpQG7s5l7ba5NxyzTxn7pg,Saturday-21:00,2
781,IpQG7s5l7ba5NxyzTxn7pg,Saturday-23:00,2
782,IpQG7s5l7ba5NxyzTxn7pg,Saturday-22:00,4
783,IpQG7s5l7ba5NxyzTxn7pg,Saturday-18:00,7
784,IpQG7s5l7ba5NxyzTxn7pg,Saturday-19:00,1
785,IpQG7s5l7ba5NxyzTxn7pg,Saturday-16:00,3
786,IpQG7s5l7ba5NxyzTxn7pg,Saturday-17:00,2
787,IpQG7s5l7ba5NxyzTxn7pg,Saturday-3:00,1
788,IpQG7s5l7ba5NxyzTxn7pg,Saturday-0:00,4
789,IpQG7s5l7ba5NxyzTxn7pg,Saturday-1:00,3
790,IpQG7s5l7ba5NxyzTxn7pg,Monday-16:00,2
791,IpQG7s5l7ba5NxyzTxn7pg,Monday-17:00,2
792,IpQG7s5l7ba5NxyzTxn7pg,Monday-19:00,1
793,IpQG7s5l7ba5NxyzTxn7pg,Monday-0:00,3
794,IpQG7s5l7ba5NxyzTxn7pg,Monday-1:00,1
795,IpQG7s5l7ba5NxyzTxn7pg,Monday-3:00,2
796,IpQG7s5l7ba5NxyzTxn7pg,Monday-23:00,2
797,IpQG7s5l7ba5NxyzTxn7pg,Monday-22:00,3
798,IpQG7s5l7ba5NxyzTxn7pg,Tuesday-16:00,1
799,IpQG7s5l7ba5NxyzTxn7pg,Tuesday-17:00,2
800,IpQG7s5l7ba5NxyzTxn7pg,Tuesday-0:00,1
801,IpQG7s5l7ba5NxyzTxn7pg,Tuesday-1:00,2
802,IpQG7s5l7ba5NxyzTxn7pg,Tuesday-23:00,1
803,IpQG7s5l7ba5NxyzTxn7pg,Tuesday-22:00,3
804,1-rUjW65plaAjIMVMJjP_Q,Friday-22:00,1
805,1-rUjW65plaAjIMVMJjP_Q,Friday-23:00,1
806,1-rUjW65plaAjIMVMJjP_Q,Friday-13:00,1
807,1-rUjW65plaAjIMVMJjP_Q,Monday-23:00,1
808,1-rUjW65plaAjIMVMJjP_Q,Thursday-2:00,1
809,1-rUjW65plaAjIMVMJjP_Q,Saturday-20:00,1
810,sthJQ6XD4iITtivlJ4XtUQ,Saturday-18:00,1
811,sthJQ6XD4iITtivlJ4XtUQ,Saturday-14:00,1
812,aXXacUBcCcLPtPSuerqtOg,Wednesday-18:00,1
813,aXXacUBcCcLPtPSuerqtOg,Wednesday-16:00,1
814,aXXacUBcCcLPtPSuerqtOg,Saturday-19:00,1
815,xkL44jsxVw_N8_6zjTuBNg,Friday-19:00,1
816,ixKdWyaYb44IDJHXXQWCpA,Friday-22:00,1
817,ixKdWyaYb44IDJHXXQWCpA,Friday-20:00,1
818,ixKdWyaYb44IDJHXXQWCpA,Friday-18:00,2
819,ixKdWyaYb44IDJHXXQWCpA,Wednesday-15:00,1
820,ixKdWyaYb44IDJHXXQWCpA,Sunday-17:00,1
821,ixKdWyaYb44IDJHXXQWCpA,Sunday-14:00,1
822,ixKdWyaYb44IDJHXXQWCpA,Saturday-15:00,1
823,ixKdWyaYb44IDJHXXQWCpA,Saturday-16:00,1
824,ixKdWyaYb44IDJHXXQWCpA,Saturday-17:00,1
825,qvLb9YeW4g0naTBgFSjHww,Thursday-22:00,1
826,qvLb9YeW4g0naTBgFSjHww,Thursday-3:00,2
827,qvLb9YeW4g0naTBgFSjHww,Thursday-16:00,1
828,qvLb9YeW4g0naTBgFSjHww,Wednesday-16:00,1
829,qvLb9YeW4g0naTBgFSjHww,Wednesday-5:00,1
830,qvLb9YeW4g0naTBgFSjHww,Saturday-20:00,1
831,qvLb9YeW4g0naTBgFSjHww,Saturday-22:00,1
832,qvLb9YeW4g0naTBgFSjHww,Saturday-17:00,1
833,qvLb9YeW4g0naTBgFSjHww,Saturday-3:00,1
834,qvLb9YeW4g0naTBgFSjHww,Saturday-0:00,1
835,qvLb9YeW4g0naTBgFSjHww,Monday-17:00,1
836,qvLb9YeW4g0naTBgFSjHww,Monday-18:00,2
837,qvLb9YeW4g0naTBgFSjHww,Monday-0:00,4
838,qvLb9YeW4g0naTBgFSjHww,Monday-1:00,2
839,qvLb9YeW4g0naTBgFSjHww,Monday-4:00,1
840,qvLb9YeW4g0naTBgFSjHww,Tuesday-1:00,1
841,qvLb9YeW4g0naTBgFSjHww,Tuesday-2:00,1
842,qvLb9YeW4g0naTBgFSjHww,Sunday-23:00,1
843,qvLb9YeW4g0naTBgFSjHww,Sunday-5:00,1
844,qvLb9YeW4g0naTBgFSjHww,Sunday-0:00,2
845,qvLb9YeW4g0naTBgFSjHww,Sunday-2:00,3
846,qvLb9YeW4g0naTBgFSjHww,Sunday-3:00,2
847,qvLb9YeW4g0naTBgFSjHww,Friday-23:00,1
848,qvLb9YeW4g0naTBgFSjHww,Friday-20:00,1
849,qvLb9YeW4g0naTBgFSjHww,Friday-4:00,2
850,qvLb9YeW4g0naTBgFSjHww,Friday-1:00,4
851,b7giaWVhjIjhlF7S2ezZAw,Friday-20:00,2
852,b7giaWVhjIjhlF7S2ezZAw,Friday-18:00,2
853,b7giaWVhjIjhlF7S2ezZAw,Friday-16:00,3
854,b7giaWVhjIjhlF7S2ezZAw,Friday-22:00,2
855,b7giaWVhjIjhlF7S2ezZAw,Friday-17:00,2
856,b7giaWVhjIjhlF7S2ezZAw,Friday-23:00,1
857,b7giaWVhjIjhlF7S2ezZAw,Friday-0:00,1
858,b7giaWVhjIjhlF7S2ezZAw,Thursday-23:00,1
859,b7giaWVhjIjhlF7S2ezZAw,Thursday-20:00,1
860,b7giaWVhjIjhlF7S2ezZAw,Thursday-22:00,1
861,b7giaWVhjIjhlF7S2ezZAw,Thursday-21:00,1
862,b7giaWVhjIjhlF7S2ezZAw,Thursday-19:00,1
863,b7giaWVhjIjhlF7S2ezZAw,Thursday-18:00,3
864,b7giaWVhjIjhlF7S2ezZAw,Thursday-17:00,5
865,b7giaWVhjIjhlF7S2ezZAw,Thursday-16:00,1
866,b7giaWVhjIjhlF7S2ezZAw,Thursday-15:00,1
867,b7giaWVhjIjhlF7S2ezZAw,Sunday-16:00,2
868,b7giaWVhjIjhlF7S2ezZAw,Sunday-19:00,2
869,b7giaWVhjIjhlF7S2ezZAw,Sunday-17:00,1
870,b7giaWVhjIjhlF7S2ezZAw,Saturday-20:00,2
871,b7giaWVhjIjhlF7S2ezZAw,Saturday-23:00,1
872,b7giaWVhjIjhlF7S2ezZAw,Saturday-22:00,2
873,b7giaWVhjIjhlF7S2ezZAw,Saturday-18:00,4
874,b7giaWVhjIjhlF7S2ezZAw,Saturday-19:00,3
875,b7giaWVhjIjhlF7S2ezZAw,Saturday-14:00,1
876,b7giaWVhjIjhlF7S2ezZAw,Saturday-16:00,2
877,b7giaWVhjIjhlF7S2ezZAw,Saturday-17:00,6
878,b7giaWVhjIjhlF7S2ezZAw,Tuesday-18:00,1
879,b7giaWVhjIjhlF7S2ezZAw,Tuesday-16:00,3
880,b7giaWVhjIjhlF7S2ezZAw,Tuesday-17:00,3
881,b7giaWVhjIjhlF7S2ezZAw,Tuesday-15:00,1
882,b7giaWVhjIjhlF7S2ezZAw,Tuesday-21:00,1
883,b7giaWVhjIjhlF7S2ezZAw,Monday-16:00,6
884,b7giaWVhjIjhlF7S2ezZAw,Monday-17:00,5
885,b7giaWVhjIjhlF7S2ezZAw,Monday-15:00,2
886,b7giaWVhjIjhlF7S2ezZAw,Monday-18:00,4
887,b7giaWVhjIjhlF7S2ezZAw,Monday-19:00,2
888,b7giaWVhjIjhlF7S2ezZAw,Monday-21:00,1
889,b7giaWVhjIjhlF7S2ezZAw,Wednesday-22:00,1
890,MSFFEZB0T1RQPJU8CfQjNA,Thursday-23:00,1
891,MSFFEZB0T1RQPJU8CfQjNA,Sunday-18:00,1
892,MSFFEZB0T1RQPJU8CfQjNA,Sunday-19:00,1
893,MSFFEZB0T1RQPJU8CfQjNA,Sunday-17:00,1
894,MSFFEZB0T1RQPJU8CfQjNA,Sunday-22:00,1
895,MSFFEZB0T1RQPJU8CfQjNA,Sunday-21:00,1
896,MSFFEZB0T1RQPJU8CfQjNA,Sunday-20:00,2
897,MSFFEZB0T1RQPJU8CfQjNA,Wednesday-0:00,2
898,MSFFEZB0T1RQPJU8CfQjNA,Saturday-23:00,2
899,MSFFEZB0T1RQPJU8CfQjNA,Saturday-18:00,1
900,MSFFEZB0T1RQPJU8CfQjNA,Saturday-19:00,2
901,MSFFEZB0T1RQPJU8CfQjNA,Saturday-0:00,1
902,MSFFEZB0T1RQPJU8CfQjNA,Monday-18:00,1
903,MSFFEZB0T1RQPJU8CfQjNA,Monday-19:00,1
904,MSFFEZB0T1RQPJU8CfQjNA,Monday-23:00,1
905,MSFFEZB0T1RQPJU8CfQjNA,Tuesday-0:00,1
906,MSFFEZB0T1RQPJU8CfQjNA,Tuesday-20:00,2
907,MSFFEZB0T1RQPJU8CfQjNA,Friday-16:00,1
908,MSFFEZB0T1RQPJU8CfQjNA,Friday-23:00,1
909,MSFFEZB0T1RQPJU8CfQjNA,Friday-20:00,2
910,MSFFEZB0T1RQPJU8CfQjNA,Friday-2:00,1
911,MSFFEZB0T1RQPJU8CfQjNA,Friday-0:00,1
912,dwtXvp2llq2BYSXQvJpHYw,Friday-20:00,2
913,dwtXvp2llq2BYSXQvJpHYw,Friday-19:00,11
914,dwtXvp2llq2BYSXQvJpHYw,Friday-18:00,7
915,dwtXvp2llq2BYSXQvJpHYw,Friday-17:00,9
916,dwtXvp2llq2BYSXQvJpHYw,Friday-16:00,9
917,dwtXvp2llq2BYSXQvJpHYw,Friday-15:00,13
918,dwtXvp2llq2BYSXQvJpHYw,Friday-14:00,16
919,dwtXvp2llq2BYSXQvJpHYw,Friday-13:00,22
920,dwtXvp2llq2BYSXQvJpHYw,Friday-12:00,12
921,dwtXvp2llq2BYSXQvJpHYw,Friday-22:00,2
922,dwtXvp2llq2BYSXQvJpHYw,Friday-21:00,3
923,dwtXvp2llq2BYSXQvJpHYw,Saturday-21:00,2
924,dwtXvp2llq2BYSXQvJpHYw,Saturday-20:00,3
925,dwtXvp2llq2BYSXQvJpHYw,Saturday-18:00,10
926,dwtXvp2llq2BYSXQvJpHYw,Saturday-19:00,2
927,dwtXvp2llq2BYSXQvJpHYw,Saturday-11:00,2
928,dwtXvp2llq2BYSXQvJpHYw,Saturday-12:00,10
929,dwtXvp2llq2BYSXQvJpHYw,Saturday-13:00,21
930,dwtXvp2llq2BYSXQvJpHYw,Saturday-14:00,23
931,dwtXvp2llq2BYSXQvJpHYw,Saturday-15:00,16
932,dwtXvp2llq2BYSXQvJpHYw,Saturday-16:00,10
933,dwtXvp2llq2BYSXQvJpHYw,Saturday-17:00,11
934,dwtXvp2llq2BYSXQvJpHYw,Monday-12:00,11
935,dwtXvp2llq2BYSXQvJpHYw,Monday-13:00,20
936,dwtXvp2llq2BYSXQvJpHYw,Monday-16:00,11
937,dwtXvp2llq2BYSXQvJpHYw,Monday-17:00,8
938,dwtXvp2llq2BYSXQvJpHYw,Monday-14:00,25
939,dwtXvp2llq2BYSXQvJpHYw,Monday-15:00,13
940,dwtXvp2llq2BYSXQvJpHYw,Monday-18:00,7
941,dwtXvp2llq2BYSXQvJpHYw,Monday-19:00,5
942,dwtXvp2llq2BYSXQvJpHYw,Monday-22:00,3
943,dwtXvp2llq2BYSXQvJpHYw,Monday-20:00,5
944,dwtXvp2llq2BYSXQvJpHYw,Monday-21:00,8
945,dwtXvp2llq2BYSXQvJpHYw,Tuesday-18:00,8
946,dwtXvp2llq2BYSXQvJpHYw,Tuesday-19:00,8
947,dwtXvp2llq2BYSXQvJpHYw,Tuesday-12:00,8
948,dwtXvp2llq2BYSXQvJpHYw,Tuesday-13:00,27
949,dwtXvp2llq2BYSXQvJpHYw,Tuesday-16:00,9
950,dwtXvp2llq2BYSXQvJpHYw,Tuesday-17:00,7
951,dwtXvp2llq2BYSXQvJpHYw,Tuesday-14:00,17
952,dwtXvp2llq2BYSXQvJpHYw,Tuesday-15:00,7
953,dwtXvp2llq2BYSXQvJpHYw,Tuesday-21:00,2
954,dwtXvp2llq2BYSXQvJpHYw,Tuesday-20:00,6
955,dwtXvp2llq2BYSXQvJpHYw,Tuesday-22:00,1
956,dwtXvp2llq2BYSXQvJpHYw,Wednesday-19:00,1
957,dwtXvp2llq2BYSXQvJpHYw,Thursday-22:00,1
958,dwtXvp2llq2BYSXQvJpHYw,Thursday-21:00,6
959,dwtXvp2llq2BYSXQvJpHYw,Thursday-19:00,6
960,dwtXvp2llq2BYSXQvJpHYw,Thursday-18:00,11
961,dwtXvp2llq2BYSXQvJpHYw,Thursday-17:00,3
962,dwtXvp2llq2BYSXQvJpHYw,Thursday-16:00,12
963,dwtXvp2llq2BYSXQvJpHYw,Thursday-15:00,13
964,dwtXvp2llq2BYSXQvJpHYw,Thursday-14:00,20
965,dwtXvp2llq2BYSXQvJpHYw,Thursday-13:00,21
966,dwtXvp2llq2BYSXQvJpHYw,Thursday-12:00,8
967,dwtXvp2llq2BYSXQvJpHYw,Thursday-11:00,1
968,dwtXvp2llq2BYSXQvJpHYw,Thursday-20:00,3
969,pQpU2mN1KxLDcluXYWGC5g,Monday-0:00,1
970,pQpU2mN1KxLDcluXYWGC5g,Friday-16:00,1
971,pQpU2mN1KxLDcluXYWGC5g,Saturday-17:00,1
972,pQpU2mN1KxLDcluXYWGC5g,Saturday-1:00,1
973,pQpU2mN1KxLDcluXYWGC5g,Wednesday-23:00,1
974,T_Ggmjt-Wke9Sc9XYRscpQ,Tuesday-19:00,1
975,T_Ggmjt-Wke9Sc9XYRscpQ,Thursday-22:00,1
976,T_Ggmjt-Wke9Sc9XYRscpQ,Thursday-19:00,2
977,T_Ggmjt-Wke9Sc9XYRscpQ,Friday-20:00,1
978,T_Ggmjt-Wke9Sc9XYRscpQ,Friday-18:00,1
979,T_Ggmjt-Wke9Sc9XYRscpQ,Friday-17:00,1
980,T_Ggmjt-Wke9Sc9XYRscpQ,Monday-18:00,1
981,T_Ggmjt-Wke9Sc9XYRscpQ,Monday-15:00,1
982,T_Ggmjt-Wke9Sc9XYRscpQ,Saturday-19:00,1
983,T_Ggmjt-Wke9Sc9XYRscpQ,Saturday-21:00,1
984,I9vXZQEpWvaGV69eVRwT3g,Tuesday-23:00,1
985,I9vXZQEpWvaGV69eVRwT3g,Tuesday-0:00,1
986,I9vXZQEpWvaGV69eVRwT3g,Wednesday-21:00,1
987,I9vXZQEpWvaGV69eVRwT3g,Friday-23:00,2
988,I9vXZQEpWvaGV69eVRwT3g,Friday-16:00,1
989,I9vXZQEpWvaGV69eVRwT3g,Thursday-19:00,1
990,I9vXZQEpWvaGV69eVRwT3g,Thursday-18:00,1
991,I9vXZQEpWvaGV69eVRwT3g,Thursday-23:00,1
992,I9vXZQEpWvaGV69eVRwT3g,Sunday-21:00,1
993,I9vXZQEpWvaGV69eVRwT3g,Saturday-20:00,1
994,I9vXZQEpWvaGV69eVRwT3g,Saturday-0:00,1
995,iX2rl6mNNu2TjoRbiX6wSQ,Wednesday-21:00,1
996,iX2rl6mNNu2TjoRbiX6wSQ,Friday-23:00,1
997,iX2rl6mNNu2TjoRbiX6wSQ,Saturday-23:00,1
998,iX2rl6mNNu2TjoRbiX6wSQ,Saturday-0:00,1
999,iX2rl6mNNu2TjoRbiX6wSQ,Sunday-0:00,1
1000,iX2rl6mNNu2TjoRbiX6wSQ,Thursday-2:00,1
